id,Nombre,Apellido,email,Genero,Marca,Modelo,yearcoche,VIN
1,Wood,Staterfield,wstaterfield0@ted.com,Male,Chevrolet,Cobalt SS,2008,5LMJJ3H51DE020049
2,Viva,Jarrel,vjarrel1@livejournal.com,Female,Mercedes-Benz,S-Class,1996,1GYS3HEF8CR239978
3,Kaitlynn,Bricham,kbricham2@umn.edu,Female,Mazda,B-Series Plus,2003,JM1NC2NF0E0974669
4,Kathy,Heatly,kheatly3@bloglovin.com,Female,BMW,M Roadster,2006,1G6DP577660501287
5,Alexei,Wyllis,awyllis4@creativecommons.org,Male,Chevrolet,Tahoe,1996,5TDBM5G15CS862298
6,Renell,Couvert,rcouvert5@chronoengine.com,Female,open,Intrepid,1993,JTHHP5BC4F5525849
7,Ange,Poyntz,apoyntz6@boston.com,Female,open,S40,2000,1HGCP2F38AA835217
8,Aubrette,Prugel,aprugel7@vimeo.com,Agender,open,Outback,2010,JTHFE2C20A2079601
9,Carroll,Lavery,clavery8@friendfeed.com,Female,Mercury,Capri,1984,2T3BF4DV1BW959779
10,Melosa,Chason,mchason9@shutterfly.com,Female,Chevrolet,Corvette,1963,1FMJU1J51AE530838
11,Shaw,Grzeszczak,sgrzeszczaka@indiatimes.com,Male,Volkswagen,Eos,2011,WAURGAFD9EN360068
12,Enriqueta,Caspell,ecaspellb@mapquest.com,Female,Toyota,Celica,1999,WBAUP7C52AV891486
13,Veronica,Fuentez,vfuentezc@goodreads.com,Female,Pontiac,Grand Prix,1967,WAUJT54BX2N183026
14,Bendick,Beasant,bbeasantd@mac.com,Male,Hyundai,Azera,2007,KL4CJGSB6FB414974
15,Jenine,Torbeck,jtorbecke@ehow.com,Female,Ford,E350,2008,WA1CFAFP2CA819980
16,Charles,Bowerman,cbowermanf@ftc.gov,Male,Geo,Prizm,1994,JH4KA96501C961340
17,Rosalie,Thumann,rthumanng@imdb.com,Female,Nissan,Murano,2010,JA32X8HW4DU680638
18,Joby,Tace,jtaceh@ucoz.ru,Agender,BMW,X5 M,2011,2C3CCAAG4EH475924
19,Norry,Moreinis,nmoreinisi@google.cn,Female,Ford,Econoline E250,2000,2B3CA9CV3AH052498
20,Bengt,Pettingall,bpettingallj@stumbleupon.com,Male,Infiniti,QX,2009,3GYFNBEY4BS986550
21,Maryjane,Churn,mchurnk@oaic.gov.au,Female,Nissan,Titan,2004,WUARL48H16K613017
22,Field,Dacey,fdaceyl@typepad.com,Male,Pontiac,Bonneville,1987,WDDPK4HA4FF162142
23,Thornton,Bruinsma,tbruinsmam@123-reg.co.uk,Agender,Jaguar,XF,2011,1G4HD5EM5AU875130
24,Elmer,Bramo,ebramon@patch.com,Male,Plymouth,Acclaim,1993,YV1672MW0B2884152
25,Siusan,Delafont,sdelafonto@intel.com,Female,GMC,Yukon XL 2500,2013,WAUR2AFD1EN458350
26,Mella,Goodspeed,mgoodspeedp@blogspot.com,Female,Dodge,Ram Wagon B250,1994,3D7JB1EK7AG198674
27,Britni,Wardlow,bwardlowq@sciencedaily.com,Female,open,Ram 1500 Club,1996,WBA5A7C56ED728695
28,Bar,Francescuccio,bfrancescuccior@hc360.com,Male,GMC,2500 Club Coupe,1992,WA1EY94L29D660919
29,Janet,Gelland,jgellands@vistaprint.com,Female,Chevrolet,Corvette,2001,WBAXA5C56FD593622
30,Parsifal,Atkirk,patkirkt@bloglines.com,Male,Smart,Fortwo,2009,WBA3B1G57FN812726
31,Art,Brame,abrameu@vk.com,Non-binary,Ford,Edge,2009,3VW8S7AT4FM076502
32,Ulrich,Ferencowicz,uferencowiczv@4shared.com,Male,Honda,S2000,2005,1FT7W2A63EE264056
33,Garrett,Jelfs,gjelfsw@shutterfly.com,Male,Honda,Accord,1984,4T1BF1FK7EU736497
34,Fanchon,Christophle,fchristophlex@google.fr,Female,Toyota,RAV4,2001,WBA3B1C55DF988624
35,Rufe,Maloney,rmaloneyy@nature.com,Male,Toyota,Matrix,2006,1C3CDFCB5FD103714
36,Tristam,Jobbing,tjobbingz@cmu.edu,Male,Volvo,C70,2012,YV4902BZ2B1103073
37,Sapphire,Algie,salgie10@redcross.org,Genderfluid,Mazda,Miata MX-5,2010,1N6AD0CU5CC437726
38,Giffy,Sandeson,gsandeson11@hubpages.com,Male,Pontiac,Torrent,2007,JN1AJ0HP9CM941546
39,Hewe,Edwicke,hedwicke12@dailymail.co.uk,Male,Dodge,Ram 1500,2004,WA1DGAFP6DA177315
40,Rodrique,Hassewell,rhassewell13@alibaba.com,Male,Porsche,911,1995,1GYFK36239R225420
41,Frans,Haslam,fhaslam14@unc.edu,Male,Ford,E150,2009,WAUJFAFH1DN616513
42,Shanta,Broad,sbroad15@joomla.org,Polygender,Lexus,LX,2003,SAJWA1EK4EM827508
43,Jody,Kelland,jkelland16@quantcast.com,Male,open,Firefly,1991,JM1NC2MF6D0650142
44,Ferne,Bellerby,fbellerby17@cnn.com,Female,Ford,Mustang,2001,1FMEU6DE5AU976734
45,Hope,Nix,hnix18@prweb.com,Female,Mercury,Capri,1992,WBALM535X9E943144
46,Karrah,McKniely,kmckniely19@hubpages.com,Female,Ford,F150,1984,1FM5K7B89DG069481
47,Sylvan,Crossgrove,scrossgrove1a@clickbank.net,Bigender,Pontiac,Grand Prix,2001,WAUKFAFL9EN399108
48,Dud,Moseby,dmoseby1b@umich.edu,Male,open,Odyssey,2000,WA1VFBFL1DA886311
49,Ellsworth,Eplate,eeplate1c@ezinearticles.com,Agender,Subaru,Brat,1987,5N1AT2MK4FC582870
50,Dallis,Cloney,dcloney1d@psu.edu,Male,Volkswagen,Touareg,2004,2B3CJ4DG1BH030004
51,Terra,Gannan,tgannan1e@feedburner.com,Female,open,911,1991,WAU4GBFBXAN362601
52,Cherida,Criple,ccriple1f@bbc.co.uk,Bigender,Audi,TT,2010,5GALRAED1AJ513257
53,Sari,Giacomazzo,sgiacomazzo1g@usa.gov,Female,Porsche,Cayman,2009,WAUGL78E27A416406
54,Griffith,Pickthorn,gpickthorn1h@photobucket.com,Male,Subaru,Loyale,1991,WAUKH74F08N706258
55,Bunnie,Bilsland,bbilsland1i@go.com,Female,Ford,F150,2001,3N1CE2CP7EL346630
56,Karine,Doust,kdoust1j@opensource.org,Female,Jeep,Cherokee,1992,1GKUCEEF9AR490054
57,Gearalt,MacCollom,gmaccollom1k@eventbrite.com,Male,Dodge,Ram 1500,1996,1C4NJPBA6ED331568
58,Gun,Algeo,galgeo1l@tumblr.com,Male,BMW,5 Series,2006,WAULF98K89N418888
59,Shelley,Duxbury,sduxbury1m@reuters.com,Female,Aston Martin,DBS,2011,JN8AZ2KR0BT956859
60,Trev,Ledbetter,tledbetter1n@booking.com,Male,Volkswagen,Eos,2009,19UUA56661A443189
61,Gery,Mabson,gmabson1o@ucla.edu,Male,Maserati,Quattroporte,2010,1FMJK1G59EE865607
62,Rinaldo,Pawling,rpawling1p@craigslist.org,Male,Nissan,Titan,2010,1GD21ZCG6BZ040631
63,Odilia,Winterburn,owinterburn1q@skyrock.com,Female,Chrysler,Aspen,2007,WAUBVAFA1AN487565
64,Maurise,Marrow,mmarrow1r@aol.com,Male,Buick,Rainier,2004,2G4WD582161695017
65,Shandra,Ravillas,sravillas1s@booking.com,Female,Chevrolet,Caprice,1991,SCBFR7ZA9CC858819
66,Corri,Edmand,cedmand1t@sourceforge.net,Female,open,M-Class,2007,1GD21ZCG5CZ378197
67,Karla,Trayford,ktrayford1u@netlog.com,Female,Nissan,Versa,2007,1HGCR2F38DA006582
68,Micheal,Suerz,msuerz1v@exblog.jp,Male,Chevrolet,Avalanche,2012,1G6KD57Y79U987341
69,Elfrida,Doag,edoag1w@illinois.edu,Female,Porsche,Boxster,1997,WAUML54B33N202790
70,Nickolai,Warrell,nwarrell1x@thetimes.co.uk,Polygender,Ford,Crown Victoria,2005,1GTC5MF91C8248078
71,Suzanne,Reinbeck,sreinbeck1y@wired.com,Female,open,9000,1989,WA1BY94L97D482345
72,Augy,Lewins,alewins1z@wikispaces.com,Male,open,X5,2009,1GKKRNED8FJ682172
73,Dov,Faber,dfaber20@alexa.com,Male,Mitsubishi,Eclipse,2010,3G5DA03E75S704984
74,Charline,Stonehewer,cstonehewer21@newsvine.com,Female,Chevrolet,Tahoe,2008,JN8AZ2KR4DT203628
75,Tiff,Eagers,teagers22@reference.com,Female,Toyota,Yaris,2010,YV1672MC7DJ089839
76,Baudoin,Colyer,bcolyer23@nba.com,Male,Volkswagen,Golf,2012,WAUPN94E48N740608
77,Orelee,Allaker,oallaker24@ezinearticles.com,Female,Volkswagen,New Beetle,2007,WBAFU9C57DD685667
78,Lammond,Willan,lwillan25@opensource.org,Male,open,Suburban,2010,WVWAN7AN7EE078407
79,Dougie,Kidney,dkidney26@about.me,Male,Honda,Element,2009,JN1CV6EK4FM441307
80,Sallie,Ruilton,sruilton27@fda.gov,Female,Lincoln,Town Car,1986,2G61V5S83F9646382
81,Mervin,Crownshaw,mcrownshaw28@wired.com,Male,Lamborghini,Aventador,2012,1N6AA0CC4AN639989
82,Dora,von Grollmann,dvongrollmann29@creativecommons.org,Female,Toyota,Avalon,2009,WBAKF5C58DJ575035
83,Carry,Hallan,challan2a@pcworld.com,Female,Toyota,Previa,1994,JM3TB2MA8A0239052
84,Raffarty,Spitell,rspitell2b@goodreads.com,Male,Chrysler,300M,2003,3D7TP2CT9AG386575
85,Hynda,Kingdon,hkingdon2c@1688.com,Female,Mercedes-Benz,400SE,1992,YV4952CT2D1073667
86,Gaylord,Bachmann,gbachmann2d@yahoo.co.jp,Male,Toyota,Cressida,1992,WBANF33536B215069
87,Deane,Pavlitschek,dpavlitschek2e@state.tx.us,Male,open,Elantra,1999,WAUVFAFR3DA289677
88,Georgi,Wiggans,gwiggans2f@go.com,Male,Mercury,Mystique,1996,3N1AB7AP1FL042761
89,Stevy,Turneaux,sturneaux2g@1und1.de,Male,Mazda,MPV,2003,SCBCR63WX6C307367
90,Antonin,Rothermel,arothermel2h@technorati.com,Male,Lotus,Esprit Turbo,1984,JH4KB2F55BC949108
91,Krishna,Maruska,kmaruska2i@themeforest.net,Male,Eagle,Vision,1996,WBA3R1C59EF952853
92,Cyndia,Wegner,cwegner2j@ftc.gov,Female,Oldsmobile,Bravada,1996,NM0AE8F76E1988568
93,Joey,McChruiter,jmcchruiter2k@google.pl,Female,Volvo,V70,2003,3TMJU4GN6CM946428
94,Ferrel,Pybworth,fpybworth2l@simplemachines.org,Male,open,Neon,2003,5FRYD4H64GB636180
95,Patrizius,Scallon,pscallon2m@icq.com,Male,open,Monte Carlo,2001,2HNYD28628H928180
96,Sanford,Neller,sneller2n@reuters.com,Male,Jaguar,XF,2010,2G61P5S32E9905828
97,Elset,Ygoe,eygoe2o@ifeng.com,Female,Chevrolet,G-Series G30,1992,WDDGF4HB0DG013683
98,Lauren,Richen,lrichen2p@europa.eu,Male,Ford,Fiesta,2012,2C3CDXEJ0DH335065
99,Jamie,Percy,jpercy2q@dell.com,Female,GMC,Rally Wagon 1500,1993,1G6YV36A665076634
100,Angelico,Budge,abudge2r@lulu.com,Male,Volkswagen,Golf,1983,2G4GT5GX9E9357742
101,Clarice,Bosson,cbosson2s@delicious.com,Agender,Chevrolet,Bel Air,1967,3FADP4AJ1FM185697
102,Olav,Brown,obrown2t@un.org,Male,Pontiac,Firebird,1990,1GD21ZCG1BZ543290
103,Arleyne,Fonzone,afonzone2u@list-manage.com,Female,Hyundai,Accent,2002,WA1LGAFE8FD250552
104,Loella,Andren,landren2v@sun.com,Female,Mercury,Topaz,1988,5UXKR2C54F0877499
105,Vickie,Normanville,vnormanville2w@blogger.com,Female,Eagle,Talon,1994,1C3CDZCB0CN531908
106,Yolane,Lyard,ylyard2x@usatoday.com,Female,Volkswagen,Rabbit,2010,WAUKF78E78A563727
107,Zara,Landsborough,zlandsborough2y@free.fr,Female,Chevrolet,Express 2500,2005,WAUDF48H97A664994
108,Sampson,Ledrun,sledrun2z@bluehost.com,Male,open,LeSabre,1999,2C3CCAKGXFH449456
109,Petra,Currao,pcurrao30@amazon.de,Female,Audi,A6,1996,WBAWL1C58AP903436
110,Mabel,Ruppel,mruppel31@cocolog-nifty.com,Female,Ford,F-Series,1985,1C6RD7PT7CS093670
111,Brett,Jordeson,bjordeson32@4shared.com,Bigender,Volvo,C30,2011,WA1CFAFP5BA052978
112,Marchelle,Blaber,mblaber33@feedburner.com,Female,Mercury,Sable,1987,WP0AA2A93ES144924
113,Walton,Horsewood,whorsewood34@forbes.com,Male,Buick,Park Avenue,2001,1D7RW3BK6AS982974
114,Tulley,Cave,tcave35@behance.net,Male,Infiniti,G,1995,WAUAT48H75K743664
115,Natassia,Raffels,nraffels36@diigo.com,Female,Jaguar,XJ Series,1992,WBA4C9C55FG747837
116,Antonius,Pendlington,apendlington37@technorati.com,Male,Chrysler,300,2005,JHMZE2H39CS284612
117,Sibyl,Greiser,sgreiser38@dyndns.org,Male,BMW,745,2005,1G6DH5E55D0520733
118,Garry,Griffen,ggriffen39@ed.gov,Male,Toyota,Sienna,1998,1G6KD57Y57U149113
119,Reeta,Halhead,rhalhead3a@hc360.com,Female,open,Camry Hybrid,2012,JM1NC2LF6E0665730
120,Stormie,Sieve,ssieve3b@reuters.com,Polygender,Audi,A5,2009,WBA3K5C58FK929570
121,Torie,Younge,tyounge3c@yellowpages.com,Agender,open,Caravan,1997,5UXWX7C51DL706578
122,Bren,Bantham,bbantham3d@booking.com,Male,open,Protege,1994,WA1YD54BX5N686147
123,Christophe,Elmhurst,celmhurst3e@list-manage.com,Male,Mitsubishi,Endeavor,2010,WAUVT54B82N244861
124,Brand,Matejovsky,bmatejovsky3f@zdnet.com,Male,Maserati,228,1989,1G6KA5E63BU883381
125,Catie,MattiCCI,cmatticci3g@washington.edu,Genderqueer,Suzuki,SX4,2012,5UXZV4C57BL007972
126,Rayna,Hoyt,rhoyt3h@networkadvertising.org,Female,open,GS,2007,WA1CGAFE4FD842563
127,Scarlet,Wixey,swixey3i@mail.ru,Female,BMW,5 Series,2005,1FMJK1F58CE164927
128,Elnar,Paulmann,epaulmann3j@phoca.cz,Male,GMC,Sierra 2500,2004,1G6DC1E34C0228172
129,Hinze,Bulward,hbulward3k@google.nl,Male,Oldsmobile,Cutlass Supreme,1997,WAUGGAFR9DA906330
130,Roscoe,Webling,rwebling3l@hhs.gov,Polygender,Mazda,MX-3,1996,WAUJGBFC6DN876493
131,Beulah,Rookwell,brookwell3m@mlb.com,Agender,Hummer,H3,2006,1G6AL5SX3D0232006
132,Dory,Nuzzetti,dnuzzetti3n@blinklist.com,Female,Ford,Taurus,2008,1G6KD57Y52U706725
133,Clare,Nisuis,cnisuis3o@google.co.jp,Male,Dodge,Ram 1500,2003,2C3CK3CV8AH001463
134,Quillan,Wathall,qwathall3p@discuz.net,Male,GMC,Jimmy,1996,5UMBT93528L465624
135,Rosalia,Boothe,rboothe3q@themeforest.net,Female,Mitsubishi,Truck,1990,WAUNF98P07A950399
136,Sayre,Mustoo,smustoo3r@bloglines.com,Bigender,Mercury,Grand Marquis,1997,WBAUN1C50AV271626
137,Florette,Lambart,flambart3s@bandcamp.com,Female,Subaru,Forester,2005,YV426MDA7F2338328
138,Lolita,Reading,lreading3t@blinklist.com,Female,Kia,Sportage,1995,YV1672MK8C2705404
139,Vyky,Dillinger,vdillinger3u@sakura.ne.jp,Female,Subaru,Forester,2007,JN8AZ1MU8EW274374
140,Troy,Minto,tminto3v@dailymail.co.uk,Male,GMC,Savana 1500,2006,KNALN4D75E5304705
141,Jennifer,Lockitt,jlockitt3w@naver.com,Female,Acura,TL,2003,WBAGN63505D017260
142,Maxi,Coath,mcoath3x@loc.gov,Female,Ford,F250,2007,5N1BA0ND7FN369950
143,Beverlee,Marcq,bmarcq3y@mysql.com,Female,BMW,5 Series,2004,3GYT4NEFXDG536302
144,Rosamond,Batkin,rbatkin3z@wikispaces.com,Female,Audi,R8,2008,1FMJK1H58EE676090
145,Roselin,Yates,ryates40@theatlantic.com,Female,Lexus,LS,1997,19UUA9F23CA456330
146,Lucas,Uwins,luwins41@devhub.com,Male,Ford,Expedition EL,2008,JM1GJ1T50E1520189
147,Kippar,Duding,kduding42@xrea.com,Genderfluid,Mitsubishi,Outlander,2012,WBADW7C52BE740801
148,Felicio,Humberston,fhumberston43@princeton.edu,Male,Ford,Windstar,1998,JN1CV6AP8CM133778
149,Cirilo,Belz,cbelz44@uiuc.edu,Male,Jaguar,XJ Series,2004,WA1WKAFP4AA174061
150,Miguel,Bushe,mbushe45@ox.ac.uk,Bigender,open,Neon,2003,WAUFFAFL2BN455368
151,Regina,Bearcock,rbearcock46@tripadvisor.com,Female,open,GS,2007,WAUDK78T79A832233
152,Toby,Greschik,tgreschik47@paginegialle.it,Polygender,open,944,1985,WA1BV74L47D604252
153,Benedicto,Harston,bharston48@nba.com,Male,Chevrolet,3500,2000,JM1NC2PF9E0054665
154,Eliot,Bingham,ebingham49@moonfruit.com,Male,Mazda,626,1998,1N6AA0CJ4EN129789
155,Joellen,Rozalski,jrozalski4a@webnode.com,Female,Dodge,Dakota Club,2000,1G4GJ5G36DF516807
156,Marcelline,Kovelmann,mkovelmann4b@last.fm,Female,Mitsubishi,Lancer Evolution,2005,1G6KD5EY5AU631946
157,Marilee,Steeden,msteeden4c@geocities.com,Female,open,Suburban 1500,2006,JH4KC1F59FC281262
158,Ailsun,Cathenod,acathenod4d@reference.com,Female,open,Gallardo,2004,WAUMFAFR4FA985382
159,Tania,Marple,tmarple4e@usatoday.com,Female,Geo,Metro,1996,WAUKD78P76A564333
160,Oralla,Sollon,osollon4f@mozilla.com,Female,Ford,Explorer Sport Trac,2001,3GTU1YEJ4BG665416
161,Janice,Stanluck,jstanluck4g@samsung.com,Female,Chevrolet,S10,2001,W04G15GVXB1467394
162,Clint,Hare,chare4h@nih.gov,Male,Mercedes-Benz,CLK-Class,2001,1VWAH7A36CC868311
163,Valentine,Gaunter,vgaunter4i@deviantart.com,Genderqueer,Chevrolet,Cobalt SS,2007,JTHBW1GG2E1700277
164,Nadeen,Connachan,nconnachan4j@wp.com,Female,Ferrari,F430,2009,WBA3D3C56EK919200
165,Griz,Crockford,gcrockford4k@github.io,Male,Volkswagen,Jetta,1987,1G6AT5S32F0182764
166,Seth,Ribbon,sribbon4l@about.com,Male,Ford,Focus,2000,5UXFA53523L052260
167,Cal,Tatem,ctatem4m@mit.edu,Female,Lamborghini,Diablo,1991,3GYFNEE37FS067363
168,Justen,Renol,jrenol4n@angelfire.com,Male,Pontiac,LeMans,1967,4T1BF3EK1BU415239
169,Ted,Castanone,tcastanone4o@slashdot.org,Male,Mazda,Miata MX-5,1996,WAUNF98P57A188512
170,Rowan,Buckberry,rbuckberry4p@sbwire.com,Male,Maybach,62,2008,3C4PDDEG4DT884405
171,Sisile,Dionisi,sdionisi4q@si.edu,Female,Oldsmobile,Cutlass Supreme,1993,5N1BA0ND0FN052253
172,Velma,Hallbord,vhallbord4r@feedburner.com,Bigender,Audi,200,1991,1FTNF2A5XAE381514
173,Ursola,Gheorghie,ugheorghie4s@arizona.edu,Female,open,Outback,2007,1G4GE5GV9AF824362
174,Beret,Rawlence,brawlence4t@alexa.com,Female,Maybach,57,2008,WA1BY74L39D220909
175,Loree,De Filippi,ldefilippi4u@infoseek.co.jp,Female,open,Avalon,2008,KMHGH4JF4BU687752
176,Dicky,Tripean,dtripean4v@free.fr,Male,Chrysler,Voyager,2002,2T1BU4EEXCC505885
177,Hilde,Adamczyk,hadamczyk4w@pbs.org,Female,Lexus,IS,2006,WAUSFAFL6AA828237
178,Tedi,Matashkin,tmatashkin4x@cdc.gov,Female,Mercedes-Benz,SL-Class,1984,JTEBU5JRXB5688887
179,Roland,Etherson,retherson4y@a8.net,Male,GMC,Rally Wagon 3500,1994,1N4AL3APXEC927592
180,Stavros,Brandenberg,sbrandenberg4z@rambler.ru,Male,BMW,1 Series,2011,2HNYD2H39DH289568
181,Fernando,Barents,fbarents50@un.org,Male,Geo,Metro,1993,WAUEFAFL8DA519239
182,Nerte,Skipsea,nskipsea51@wisc.edu,Female,Mitsubishi,Raider,2006,1FMJK2A52AE776809
183,April,Hearon,ahearon52@parallels.com,Female,Porsche,968,1995,1ZVBP8ANXA5494477
184,Priscilla,Mitrikhin,pmitrikhin53@cam.ac.uk,Female,Chevrolet,Venture,2004,SAJWA4DC3CM356797
185,Darrin,Nowaczyk,dnowaczyk54@facebook.com,Male,Mercury,Villager,1999,1G4HP54K94U227608
186,Della,Strangeways,dstrangeways55@zdnet.com,Polygender,Chevrolet,Corsica,1994,3VW467AT0CM530453
187,Audy,De Mars,ademars56@cisco.com,Female,Volkswagen,Vanagon,1984,WA1CFAFP1EA822453
188,Dallon,Billinge,dbillinge57@csmonitor.com,Male,Volkswagen,GTI,1989,WAUXL58E25A701852
189,Guinna,Claire,gclaire58@apple.com,Female,open,DeVille,1999,3D7JB1EP0AG560338
190,Denyse,Oldrey,doldrey59@goo.ne.jp,Female,Porsche,911,1989,1D7RB1GK2BS329486
191,Niven,Hardcastle,nhardcastle5a@cocolog-nifty.com,Male,Oldsmobile,Ciera,1994,3TMJU4GN2CM853695
192,Greta,Bouldstridge,gbouldstridge5b@twitpic.com,Female,Rambler,Classic,1963,1G6KD57Y62U086970
193,Marco,Sadry,msadry5c@liveinternet.ru,Male,BMW,M5,2001,WAUCD54B84N178125
194,Allissa,Erwin,aerwin5d@dagondesign.com,Female,Land Rover,Discovery,2000,3VWF17AT0FM496154
195,Virgie,Sleicht,vsleicht5e@tumblr.com,Male,Jaguar,XK Series,1997,1G6KD57Y66U066384
196,Star,Hanning,shanning5f@pbs.org,Female,Jeep,Grand Cherokee,2009,1LNHL9DR6BG060510
197,Kingston,Prior,kprior5g@qq.com,Male,Toyota,Yaris,2012,1D7CE5GK9AS368353
198,Avie,Caws,acaws5h@github.io,Female,Nissan,Xterra,2009,1N6AA0EJ3FN580159
199,Griff,Waycott,gwaycott5i@nih.gov,Male,Chevrolet,Tahoe,1998,1FTEW1CM0EF512514
200,Atlante,Pinckstone,apinckstone5j@eventbrite.com,Female,Infiniti,QX,2000,1N4AL2EP0DC326050
201,Hamel,Roxburch,hroxburch5k@wordpress.com,Male,Hyundai,Tiburon,2006,1GD02ZCG5DZ945885
202,Magdalen,Flintoffe,mflintoffe5l@google.com.br,Female,Chevrolet,Suburban,2009,1N4AL3AP7DC451560
203,Jane,Berrington,jberrington5m@creativecommons.org,Female,Ford,Taurus,2005,5UMBT93577L521099
204,Demetria,Pragnell,dpragnell5n@latimes.com,Non-binary,Pontiac,Gemini,1989,1G4CU541424035391
205,Caryn,Trout,ctrout5o@joomla.org,Female,Suzuki,SJ 410,1984,SALVP2BG2FH195478
206,Eudora,Gadman,egadman5p@nymag.com,Female,Bentley,Continental GTC,2007,1G4HR54K55U643523
207,Pat,Clynmans,pclynmans5q@blog.com,Male,Toyota,Highlander,2011,TRUTX28N211025701
208,Nollie,Birkett,nbirkett5r@oaic.gov.au,Male,Ford,E350,2008,1FTSW2A56AE978386
209,Deloris,Coslitt,dcoslitt5s@cbslocal.com,Female,GMC,Yukon XL 1500,2012,1GYS4JEF4CR911846
210,Romonda,Whitwood,rwhitwood5t@omniture.com,Female,Toyota,Tacoma,2007,JTJHY7AX1B4876312
211,Kathrine,Burde,kburde5u@mapquest.com,Female,Mercedes-Benz,SL-Class,1992,SALGR2WF3EA710130
212,Wendall,O'Donnelly,wodonnelly5v@comcast.net,Male,Lincoln,Continental Mark VII,1987,1G6DL1E37C0370211
213,Richmound,Pargeter,rpargeter5w@netscape.com,Male,Mitsubishi,Outlander,2005,JH4CU2E64BC056291
214,Noami,Corson,ncorson5x@yolasite.com,Female,Isuzu,i-350,2006,SAJWA4GC1EM981388
215,Vaclav,Littlefair,vlittlefair5y@eventbrite.com,Male,Volkswagen,Jetta,1995,3C6TD5NTXCG981799
216,Correy,Luca,cluca5z@sphinn.com,Male,Pontiac,Vibe,2005,1FTMF1EW3AK188146
217,Michele,Pesic,mpesic60@nbcnews.com,Female,Volkswagen,Jetta,1984,1G6DG8E58C0888584
218,Everett,Riddiough,eriddiough61@toplist.cz,Male,Volvo,S60,2004,19UUA66254A800028
219,Carolee,Whithalgh,cwhithalgh62@is.gd,Female,open,LS,2009,NM0AE8F7XF1598848
220,Winnie,Coetzee,wcoetzee63@php.net,Female,Nissan,Armada,2007,JM1CW2BL3D0441108
221,Sigismondo,MacClancey,smacclancey64@sun.com,Male,Lexus,LS,1992,5GALVAED8AJ963726
222,Ambros,Woodings,awoodings65@apache.org,Male,BMW,M5,2002,JN1BY1PR7FM253154
223,Payton,Farrier,pfarrier66@hubpages.com,Male,Mercedes-Benz,S-Class,2008,1FTSX2A58AE291293
224,Svend,Beeden,sbeeden67@weibo.com,Male,Dodge,Charger,1999,SAJWA6AT1F8747315
225,Blake,Preto,bpreto68@cbc.ca,Male,Volkswagen,GTI,1999,WBA3C1C50FP151659
226,Papagena,Bennitt,pbennitt69@squarespace.com,Female,Plymouth,Voyager,1995,WBA3A9G53DN672849
227,Rurik,Simonutti,rsimonutti6a@sogou.com,Male,Honda,CR-V,2010,JTHBC1KS3B5672627
228,Preston,Thompstone,pthompstone6b@canalblog.com,Male,Isuzu,Amigo,1998,2B3CJ4DG5BH562243
229,Gregory,Petters,gpetters6c@sourceforge.net,Male,Mitsubishi,Galant,1985,5UXZV8C50D0752302
230,Nanny,Edgeley,nedgeley6d@patch.com,Female,Toyota,Sequoia,2009,JH4CU4F47BC854308
231,Artemas,Dobbin,adobbin6e@blog.com,Male,Mercedes-Benz,GL-Class,2010,4A31K3DT3BE145704
232,Barny,Zeal,bzeal6f@nationalgeographic.com,Male,Jaguar,X-Type,2003,WBSBL93476P912118
233,Fredra,Algy,falgy6g@ftc.gov,Female,Buick,LaCrosse,2011,WAUBF98E07A169996
234,Russell,Crossgrove,rcrossgrove6h@gravatar.com,Male,Pontiac,Bonneville,1964,KMHFC4DF2BA837364
235,Anett,Dolden,adolden6i@about.me,Female,Volkswagen,GTI,2011,2FMDK4JC3AB028945
236,Ephrem,Bendix,ebendix6j@free.fr,Male,Toyota,Prius,2009,3N1CN7AP9FL138993
237,Denice,Runnalls,drunnalls6k@about.com,Female,Bentley,Mulsanne,2012,WA1CMAFE1ED877035
238,Guss,McArthur,gmcarthur6l@tinypic.com,Male,BMW,6 Series,2010,WBAYB6C56ED100219
239,Jeanelle,Crowcum,jcrowcum6m@chron.com,Genderqueer,Land Rover,Range Rover Sport,2007,WBAEU334X2P415876
240,Gaven,Ferrierio,gferrierio6n@elegantthemes.com,Male,Ford,F-Series Super Duty,2011,WAUWGAFB8BN928968
241,Hermione,Farr,hfarr6o@nasa.gov,Female,Dodge,Ram 2500,2010,SCBBR93W48C484559
242,Jerad,Gradon,jgradon6p@independent.co.uk,Male,Subaru,Legacy,1994,WAUGVAFR9BA033472
243,Jenine,Hens,jhens6q@gmpg.org,Female,Mercedes-Benz,E-Class,1985,5N1CR2MM0EC417535
244,Tadeo,Makinson,tmakinson6r@scientificamerican.com,Agender,Toyota,Sequoia,2002,WAUKD78P36A756817
245,Nessa,Cabera,ncabera6s@cafepress.com,Female,open,Azure T,2010,1G6DP57V180063716
246,Ahmad,Forbes,aforbes6t@google.ca,Male,Audi,Q5,2011,WBSPM93579E686139
247,Mabel,Kesper,mkesper6u@ed.gov,Female,Ford,Econoline E250,1993,2C3CCAPT9CH667745
248,Adrien,Lazer,alazer6v@altervista.org,Male,open,Malibu,2003,2G61L5S37F9392718
249,Mayer,Truelove,mtruelove6w@feedburner.com,Genderqueer,Chevrolet,Camaro,1999,19XFB2E25CE014188
250,Yulma,Gregon,ygregon6x@webeden.co.uk,Male,Chevrolet,Malibu,2010,JM3TB2BA4E0749990
251,Eamon,Blanchflower,eblanchflower6y@odnoklassniki.ru,Polygender,Pontiac,Trans Sport,1996,JN8AS5MTXAW791317
252,Vinson,Deaconson,vdeaconson6z@marriott.com,Male,GMC,Yukon XL 2500,2000,1HGCP2E73CA854183
253,Richie,Andreasson,randreasson70@blogtalkradio.com,Male,Mazda,MPV,2002,WBAFU9C55CD410586
254,Ashly,Tiley,atiley71@freewebs.com,Genderfluid,Ford,E-Series,2002,JH4CU2F44DC504772
255,Shellysheldon,Pettett,spettett72@biblegateway.com,Male,open,3500 Club Coupe,1994,2HNYD2H85CH147924
256,Ana,Guilliatt,aguilliatt73@list-manage.com,Female,Chevrolet,Equinox,2012,WBAUN7C50CV675760
257,Marcie,Coulsen,mcoulsen74@bloomberg.com,Female,Land Rover,Discovery Series II,2001,5J6TF2H5XDL783799
258,Matti,Tenaunt,mtenaunt75@irs.gov,Female,Volvo,960,1993,WAU32AFD5FN116276
259,Victor,Dionisetti,vdionisetti76@biglobe.ne.jp,Male,Ford,Expedition,2007,1GTC5LF93C8434831
260,Christine,Groundwater,cgroundwater77@marketwatch.com,Female,Toyota,Tercel,1996,JTEBU4BF1EK136294
261,Bert,Odgaard,bodgaard78@aboutads.info,Female,open,Corvette,1994,JH4CL96806C039277
262,Sigvard,Humbles,shumbles79@washingtonpost.com,Male,Dodge,Charger,1968,3D73M3HL5BG992092
263,Truman,Caile,tcaile7a@cisco.com,Male,Dodge,Ram 1500,1999,WBANV13539C457799
264,Anderson,Jest,ajest7b@mashable.com,Male,Suzuki,Swift,1988,WAUNF78P07A186848
265,Kenny,Notman,knotman7c@dagondesign.com,Male,Mazda,Protege,1997,JA32X8HW6CU084168
266,Baldwin,Pattillo,bpattillo7d@yandex.ru,Male,Subaru,Legacy,1990,WA1VMBFEXED293053
267,Sharl,Djorevic,sdjorevic7e@npr.org,Polygender,Chevrolet,Express 1500,2010,WBA4C9C50FG191405
268,Roxie,Lissandri,rlissandri7f@techcrunch.com,Female,Porsche,911,1998,3GYFNKE42AS810091
269,Prue,Georgeau,pgeorgeau7g@facebook.com,Female,Mitsubishi,GTO,1990,1G6AK5SX0E0863980
270,Allyn,Havock,ahavock7h@mlb.com,Female,Dodge,Caravan,1985,1N6AA0CA6FN522873
271,Pippa,Du Plantier,pduplantier7i@deviantart.com,Female,GMC,Safari,2005,WDDEJ7EB8EA891975
272,Warden,Palin,wpalin7j@vinaora.com,Male,Toyota,Paseo,1992,3GYFNJE6XBS440246
273,Lorri,MacDonogh,lmacdonogh7k@independent.co.uk,Female,Nissan,Sentra,2011,2C4RDGCG3FR151829
274,Annissa,Lighten,alighten7l@boston.com,Female,Pontiac,Aztek,2004,JN1CV6EK5BM816146
275,Billi,Turbard,bturbard7m@comsenz.com,Genderqueer,Mercedes-Benz,M-Class,2000,SAJWA0HPXEM198385
276,Lothaire,Decreuze,ldecreuze7n@cnbc.com,Male,Mercury,Mountaineer,2003,WA1LGAFE3FD791315
277,Sauncho,Billson,sbillson7o@parallels.com,Male,Plymouth,Grand Voyager,1996,JN1BY1PR8FM151989
278,Conrad,Fysh,cfysh7p@yelp.com,Male,open,RAV4,2004,JN1CV6AP2BM389610
279,Piotr,Kirman,pkirman7q@bloglovin.com,Male,open,Camaro,1998,1ZVBP8AM3D5488029
280,Dannye,Bligh,dbligh7r@indiegogo.com,Bigender,Chrysler,Sebring,1995,TRUWT28N331553243
281,Opaline,Petroselli,opetroselli7s@nba.com,Female,Pontiac,Firebird,1993,WBAEN33442P810097
282,Olivier,Boniface,oboniface7t@chronoengine.com,Male,open,SLR McLaren,2006,2G4G15GV6B9795800
283,Stepha,Mealiffe,smealiffe7u@bizjournals.com,Female,Nissan,Altima,2000,1FTEX1CM4DK803763
284,Valry,Pettisall,vpettisall7v@nsw.gov.au,Female,Mercury,Sable,1988,WBA3B1C5XFP667594
285,Bria,Hicklingbottom,bhicklingbottom7w@liveinternet.ru,Agender,Saturn,Relay,2005,1G6AL5SX4D0648081
286,Porty,Hazeup,phazeup7x@bravesites.com,Male,Volkswagen,Golf,1985,SAJWA4FB7EL284399
287,Quill,Mainstone,qmainstone7y@joomla.org,Male,Mitsubishi,Diamante,2002,1G6DF8EG3A0799653
288,Gwen,Van der Krui,gvanderkrui7z@com.com,Female,Chrysler,300,2006,2C3CCAST5CH340038
289,Debbi,Smallcomb,dsmallcomb80@list-manage.com,Female,Audi,S8,2003,3C4PDDEG2FT079795
290,Tad,Futty,tfutty81@cnbc.com,Male,Dodge,Caravan,1999,KMHHT6KD1DU605295
291,Kathryne,Habens,khabens82@com.com,Genderfluid,Suzuki,SJ,1987,2GKALMEK3C6511179
292,Stanleigh,Guterson,sguterson83@toplist.cz,Male,Volkswagen,Golf,2010,WBS3U9C55FJ003730
293,Rocky,Wasson,rwasson84@statcounter.com,Male,Cadillac,Escalade EXT,2008,1N4AB7AP7DN634553
294,Cathi,Eckart,ceckart85@google.nl,Female,Chevrolet,Silverado 3500,2012,WAUWGAFC7FN099633
295,Olga,Dick,odick86@dailymotion.com,Female,open,Q,1997,WUARU98E97N343454
296,Marlena,Alekseev,malekseev87@economist.com,Agender,Saturn,S-Series,1992,1GYS3AEF7CR747818
297,Fax,Goldes,fgoldes88@prnewswire.com,Male,Acura,Integra,1992,WAUHF98P19A273895
298,Alethea,Leman,aleman89@opensource.org,Female,Jeep,Wrangler,1995,WAUJC58E45A451259
299,Balduin,Janic,bjanic8a@icq.com,Bigender,open,X-90,1998,WAUKFBFL7AA239686
300,Mile,Powlesland,mpowlesland8b@discuz.net,Male,open,Eclipse,1992,2T1BURHE7EC577350
301,Ginny,Matteini,gmatteini8c@arstechnica.com,Female,open,Colorado,2005,1FAHP2DW1BG169873
302,Devonna,Yitzhok,dyitzhok8d@pbs.org,Female,Dodge,Dynasty,1993,WA1EY94L89D608453
303,Garret,Millins,gmillins8e@mapquest.com,Male,Ford,Bronco,1995,YV1902FH3D1054399
304,Harrison,Surmeyers,hsurmeyers8f@chronoengine.com,Male,open,Jetta,2010,1FTWX3B54AE661161
305,Wilfred,Paulson,wpaulson8g@europa.eu,Male,Jeep,Cherokee,1994,5N1BA0ND3FN376894
306,Micheal,Dally,mdally8h@about.com,Male,Dodge,Ram 3500,2003,3C3CFFBR7DT432883
307,Nikos,Saffer,nsaffer8i@google.ru,Male,Toyota,Celica,1984,1G6KF57972U056363
308,Frannie,Crowdace,fcrowdace8j@washingtonpost.com,Male,Aptera,2e,2009,1GYS3KEF0BR863852
309,Lorraine,Tetther,ltetther8k@hao123.com,Female,Acura,RL,2012,3C6TD5PT8CG762952
310,Wylma,Dingle,wdingle8l@geocities.jp,Female,Ford,Thunderbird,1983,1FMJU1H59AE747754
311,Ruby,Fitchet,rfitchet8m@japanpost.jp,Genderqueer,Audi,A4,2010,JH4DB85991S882226
312,Jayme,Lovering,jlovering8n@deviantart.com,Male,GMC,Sierra,2012,WBSDX9C57DE788639
313,Lou,Batterton,lbatterton8o@blogs.com,Genderfluid,GMC,Jimmy,2001,WAUEG94FX6N242534
314,Alphonse,Somerton,asomerton8p@cbc.ca,Male,open,Tucson,2007,WAUAC48H54K308172
315,Bradley,Melwall,bmelwall8q@eventbrite.com,Male,Jeep,Wrangler,2001,1C3CDFAA0ED144079
316,Nessa,Josephoff,njosephoff8r@xinhuanet.com,Female,Chevrolet,Cavalier,2005,SALVN2BG6EH336377
317,Shaylah,Thuillier,sthuillier8s@jigsy.com,Female,Chevrolet,Sportvan G20,1992,3D73M4CL8BG462549
318,De witt,Davisson,ddavisson8t@imageshack.us,Male,Jeep,Grand Cherokee,2006,1G4HP54K444072868
319,Hammad,Baysting,hbaysting8u@technorati.com,Male,Toyota,Land Cruiser,2008,JTDKDTB36D1221334
320,Hermia,Frow,hfrow8v@go.com,Female,Lotus,Esprit,1997,1G4HJ5EM0BU566000
321,Sterling,Bjerkan,sbjerkan8w@youku.com,Non-binary,Land Rover,Discovery,2002,WBAAW33441E548135
322,Godiva,Pettis,gpettis8x@shop-pro.jp,Female,Lincoln,Continental Mark VII,1992,WA1VMAFE6CD137714
323,Kris,Espadater,kespadater8y@foxnews.com,Bigender,Nissan,Maxima,1992,1FTMF1EW3AF177169
324,Jamill,Vakhlov,jvakhlov8z@gravatar.com,Male,Subaru,Baja,2006,WBAEP33454P060335
325,Dawna,Willan,dwillan90@usnews.com,Bigender,Buick,Skyhawk,1986,1GKS2GEJ1CR616131
326,Nickolas,Sausman,nsausman91@wikimedia.org,Male,Toyota,Sequoia,2004,JN1AZ4EH9CM110223
327,Rockie,Vedenichev,rvedenichev92@hao123.com,Male,Toyota,Tercel,1997,WBA5M2C50ED231846
328,Aluino,Petrasek,apetrasek93@amazon.com,Male,Volvo,XC60,2012,JTEBU5JR5E5667739
329,Joana,Mattingson,jmattingson94@illinois.edu,Female,open,Aspen,2009,WAUDF78E06A635843
330,Hy,Glaum,hglaum95@blogspot.com,Male,Mazda,626,1995,JTDKN3DUXA0545519
331,Delly,Purdon,dpurdon96@google.com,Female,Spyker,C8 Laviolette,2004,WAUAVAFD6CN408724
332,Sibella,Bison,sbison97@nba.com,Female,Pontiac,Bonneville,1998,1G6DA8EG8A0697649
333,Griz,Ibbott,gibbott98@zdnet.com,Male,GMC,Sierra Denali,2006,1FTMF1CW5AF601891
334,Denny,Hanssmann,dhanssmann99@ow.ly,Male,GMC,Savana 3500,2006,WAUEG74F06N560053
335,Deva,De Domenici,ddedomenici9a@timesonline.co.uk,Female,Oldsmobile,Cutlass Supreme,1997,1GD02ZCG3EF796993
336,Ethelind,Goult,egoult9b@thetimes.co.uk,Female,Mercedes-Benz,E-Class,1994,3GYFK66N45G634757
337,Piotr,Roalfe,proalfe9c@edublogs.org,Agender,Hyundai,Accent,1997,SALGS2DF5DA141593
338,Delia,Kingaby,dkingaby9d@chronoengine.com,Female,Aston Martin,Vanquish S,2005,1N6AF0KY6EN426918
339,Francis,Pallin,fpallin9e@google.ru,Male,Chevrolet,Lumina,2000,3D73M4CL6BG146535
340,Granthem,Gornal,ggornal9f@nature.com,Male,Chevrolet,Astro,2001,5XYZT3LB3EG788738
341,Nikolaus,Schimoni,nschimoni9g@geocities.jp,Male,Chevrolet,Blazer,2001,JTDKTUD34ED774750
342,Dexter,Shickle,dshickle9h@telegraph.co.uk,Male,Infiniti,G,2012,WAULK98K59N114414
343,Merrick,Maccaddie,mmaccaddie9i@hugedomains.com,Male,Ford,Explorer Sport,2000,5N1AR2MM5EC880682
344,Allie,Thackray,athackray9j@adobe.com,Bigender,Audi,A3,2011,KMHTC6AD0DU030876
345,Lamont,Pessler,lpessler9k@pinterest.com,Male,Volkswagen,Golf,1997,3GYFNAE30ES622418
346,Linell,Janny,ljanny9l@accuweather.com,Non-binary,BMW,Z4,2008,3N1AB6AP2AL906140
347,Asia,Bache,abache9m@salon.com,Female,Mercedes-Benz,G-Class,2002,JN8AZ1MU3AW678029
348,Merwyn,Measey,mmeasey9n@freewebs.com,Male,Nissan,GT-R,2010,5NPEB4AC0CH729025
349,Mayer,Werndly,mwerndly9o@techcrunch.com,Male,Honda,Accord,1991,WAUEF98E08A025489
350,Rosana,Lowman,rlowman9p@theguardian.com,Female,open,4Runner,2003,5N1AN0NU3EN404725
351,Libbey,Poulney,lpoulney9q@chron.com,Agender,Geo,Storm,1993,1NXBU4EE7AZ895565
352,Beale,Abramovici,babramovici9r@tumblr.com,Male,Cadillac,DTS,2009,4F2CY0C76BK659318
353,Corbet,Borton,cborton9s@clickbank.net,Male,Maserati,Biturbo,1984,WAULC68E12A237615
354,Edmund,Gready,egready9t@va.gov,Male,Mazda,MPV,1996,WBAEV53484K053877
355,Sarena,Gasker,sgasker9u@sakura.ne.jp,Female,Volvo,S80,2007,1GYS4DEF4CR003088
356,Cariotta,Parram,cparram9v@macromedia.com,Female,Jaguar,XJ,2008,1FMJK1K57AE584715
357,Wilhelmine,Itzik,witzik9w@icq.com,Genderfluid,Pontiac,G6,2005,3C4PDDEG9ET148982
358,Cody,Daouze,cdaouze9x@altervista.org,Male,Ford,Thunderbird,2002,WBAUT93569A188774
359,Domenic,Telezhkin,dtelezhkin9y@arizona.edu,Male,Plymouth,Grand Voyager,1997,1D7RE2GK7BS119303
360,Phillip,Hillhouse,phillhouse9z@theglobeandmail.com,Male,Suzuki,SJ,1994,1G6AB5S33E0595729
361,Gothart,MacCawley,gmaccawleya0@arizona.edu,Male,Lexus,IS,2002,5GADV23L86D992413
362,Reider,Wilmore,rwilmorea1@about.me,Male,Chevrolet,3500,1992,WAUUL68E75A014827
363,Worden,Myles,wmylesa2@pcworld.com,Male,BMW,530,2002,WBALW3C57EC742399
364,Merrily,Docwra,mdocwraa3@cisco.com,Female,Pontiac,Grand Am,1999,JHMGE8G24AS446758
365,Shelley,Andrick,sandricka4@unicef.org,Female,Chevrolet,Vega,1971,1N6AA0EK6FN777965
366,Olivie,Episcopi,oepiscopia5@nytimes.com,Female,Audi,RS6,2003,W04GW5EV2B1814642
367,Averell,Pay,apaya6@deviantart.com,Male,Subaru,Legacy,1990,SCFBF04B08G077717
368,Obidiah,Lawland,olawlanda7@latimes.com,Male,Subaru,Justy,1991,3N1AB7AP0FL145654
369,Yettie,Tattersdill,ytattersdilla8@networksolutions.com,Female,Dodge,Viper,1996,19UUA9F23EA827943
370,Hector,Haythorne,hhaythornea9@xinhuanet.com,Male,Chevrolet,Vega,1971,YV1960BWXA1341418
371,Lonnie,Ashby,lashbyaa@amazon.com,Genderfluid,Chevrolet,Aveo,2004,3GYT4LEF9CG035694
372,Carlotta,Paszek,cpaszekab@cbslocal.com,Female,GMC,Yukon,1997,3D73Y3HL2AG484679
373,Archibald,Pifford,apiffordac@jalbum.net,Male,Honda,Insight,2011,WBAVC73598A029013
374,Kellsie,Rockell,krockellad@disqus.com,Female,Cadillac,Eldorado,1993,WBA3V5C52F5560078
375,Tina,Margerison,tmargerisonae@domainmarket.com,Female,Mercedes-Benz,CL-Class,2011,1GYS4GEF5DR230888
376,Alexio,Breitler,abreitleraf@seesaa.net,Male,Oldsmobile,Intrigue,1999,JHMFA3F26BS499247
377,Adelaida,Grellis,agrellisag@sbwire.com,Female,Lexus,LX,2005,KM8NU4CC3BU600302
378,Loralie,Giddons,lgiddonsah@amazon.co.uk,Female,Subaru,Legacy,2011,KNAGM4ADXB5122315
379,Devland,Morfield,dmorfieldai@shop-pro.jp,Male,Kia,Sportage,2002,WAUDGAFL7BA791349
380,Kristien,Trighton,ktrightonaj@angelfire.com,Female,open,3500 Club Coupe,1994,WBAEV53403K081462
381,Had,Basindale,hbasindaleak@soup.io,Male,Honda,Element,2010,5NMSG3AB2AH983853
382,Martica,Tomasini,mtomasinial@icq.com,Female,Volkswagen,Rabbit,2006,1N6AA0CJ5DN795302
383,Milt,Haycox,mhaycoxam@bloglines.com,Male,Nissan,Armada,2011,1VWAH7A36EC487156
384,Marven,Phittiplace,mphittiplacean@springer.com,Genderfluid,Kia,Sportage,2011,WAUAKAFBXBN633945
385,Xever,Regitz,xregitzao@phpbb.com,Male,Bentley,Continental,2010,JM1CW2BL1D0910275
386,Cathie,Lauret,clauretap@liveinternet.ru,Female,Mercedes-Benz,GL-Class,2011,SCFFDEDN1CG477924
387,Denver,Sharpus,dsharpusaq@weibo.com,Male,open,Rapide,2012,1GYFK46858R267645
388,Goldy,Roxbee,groxbeear@rakuten.co.jp,Female,Porsche,911,2002,1GD020CGXBF314026
389,Karia,Liddell,kliddellas@woothemes.com,Female,Ford,Taurus X,2008,3VW8S7AT3FM733676
390,Stanleigh,Celiz,scelizat@i2i.jp,Male,Ford,F-Series,1989,1FAHP3HN4AW270918
391,Norris,Francesconi,nfrancesconiau@google.co.uk,Male,open,Yukon XL 1500,2007,JN8AF5MR6CT765455
392,Kurtis,Peck,kpeckav@weather.com,Bigender,Chevrolet,Camaro,2000,WAUAC48H56K939300
393,Alys,Pacheco,apachecoaw@taobao.com,Female,Ford,Taurus,2008,19XFB4F23DE611822
394,Phil,Cleave,pcleaveax@chronoengine.com,Female,Ford,F350,1994,JTHBK1GG4F2908815
395,Duffy,Hawyes,dhawyesay@admin.ch,Male,open,626,1993,3MZBM1K78FM053545
396,Josefa,Island,jislandaz@goo.gl,Genderfluid,Pontiac,G6,2005,JM1NC2MF4E0764027
397,Agatha,Shambrooke,ashambrookeb0@163.com,Female,Chrysler,Town & Country,1994,JA32U2FU8FU338622
398,Mollie,Shoebottom,mshoebottomb1@discuz.net,Non-binary,open,F-Series Super Duty,2009,JTDKN3DU9F0626583
399,Olvan,Bulford,obulfordb2@yahoo.co.jp,Male,Bentley,Continental,2007,1FTSS3EL0AD831450
400,Lawrence,Aldcorn,laldcornb3@phpbb.com,Male,Ram,3500,2011,WAUWFAFR2AA721580
401,Abbie,Gravestone,agravestoneb4@msu.edu,Agender,Lexus,GS,1993,WAUVT68E34A053269
402,Mikol,Bembrigg,mbembriggb5@imdb.com,Male,Studebaker,Avanti,1964,JH4CL95917C650155
403,Isaiah,Vasic,ivasicb6@army.mil,Male,open,Accent,2003,4T3BK3BB1FU187692
404,Killie,Skerme,kskermeb7@canalblog.com,Male,Lincoln,Mark VIII,1996,WBAGN63594D360924
405,Broddy,Hursthouse,bhursthouseb8@rakuten.co.jp,Male,Buick,Century,1993,1G6DC1ED8B0731338
406,Wiley,Youel,wyouelb9@europa.eu,Male,Infiniti,Q,1995,WDBWK5EA0AF791324
407,Zacharia,Brydon,zbrydonba@deviantart.com,Male,Mercury,Sable,1993,1G4GC5GC5BF214643
408,Miranda,Jendrach,mjendrachbb@bravesites.com,Female,Oldsmobile,Aurora,1997,3N1AB7APXFY018879
409,Ronica,Gatsby,rgatsbybc@nyu.edu,Female,Ford,F250,2010,WAULF78K99N528692
410,Caro,Melmoth,cmelmothbd@wordpress.org,Genderfluid,open,Explorer Sport Trac,2005,1GYS3TKJ4FR009886
411,Jamaal,Francescotti,jfrancescottibe@ted.com,Male,Lexus,LX,2013,WBADS33412G167132
412,Bernardo,Caso,bcasobf@patch.com,Male,Lincoln,MKT,2011,WBAWB73587P503911
413,Didi,Gergely,dgergelybg@shutterfly.com,Female,BMW,Z4,2009,SALCP2BG0FH404398
414,Hedi,Cleife,hcleifebh@soup.io,Female,Cadillac,Escalade ESV,2006,1GKKRNED6EJ622003
415,Freddie,Smowton,fsmowtonbi@google.nl,Female,Lexus,SC,2009,19UUA66294A192093
416,Vittorio,Dunbar,vdunbarbj@jimdo.com,Male,Jeep,Liberty,2005,5J6TF1H30CL698400
417,Lani,Reihill,lreihillbk@geocities.jp,Female,Lotus,Esprit Turbo,1984,JM3KE2BE0F0381184
418,Danielle,Fifoot,dfifootbl@pen.io,Female,open,CR-V,1998,3GYFNDEY8BS355151
419,Budd,Exeter,bexeterbm@list-manage.com,Male,Chevrolet,Corvette,1999,WP1AB2A2XFL059392
420,Ingram,Chesterton,ichestertonbn@scientificamerican.com,Male,open,Mazda6,2009,WAULF78KX9A667477
421,Shaylynn,Sambiedge,ssambiedgebo@symantec.com,Female,Chrysler,300,2006,KMHGC4DE2AU432887
422,Bell,Osselton,bosseltonbp@elegantthemes.com,Female,Mercedes-Benz,SLK-Class,1998,3D7TT2HT7BG925720
423,Lonny,McHardy,lmchardybq@indiegogo.com,Male,open,Tundra,2003,3C3CFFER9FT850490
424,Meade,Trobridge,mtrobridgebr@icio.us,Male,Infiniti,QX,2009,5BZAF0AA9FN570620
425,Alastair,Bedding,abeddingbs@pagesperso-orange.fr,Male,Ford,Escape,2005,5N1AN0NUXDN810029
426,Roxane,Creffeild,rcreffeildbt@omniture.com,Female,open,Freelander,2002,1D7RE3GK5BS021165
427,Sax,Cousins,scousinsbu@cocolog-nifty.com,Male,Scion,tC,2011,3VW1K7AJ1FM073072
428,Harriett,Gaylor,hgaylorbv@hostgator.com,Female,Pontiac,Grand Prix,1982,1FTWX3D52AE232291
429,Germaine,Bonifant,gbonifantbw@usnews.com,Male,Acura,RDX,2008,1N6AA0CC6DN081812
430,Mattheus,Keenor,mkeenorbx@ucoz.ru,Genderqueer,Kia,Optima,2010,4T1BD1FK5DU465685
431,Cob,Maclaine,cmaclaineby@free.fr,Male,Toyota,FJ Cruiser,2012,1D7RB1CP6AS442230
432,Emelita,Ghelardoni,eghelardonibz@fema.gov,Female,Nissan,Altima,2006,WAUKFBFL0BN833398
433,Norby,Yepiskov,nyepiskovc0@themeforest.net,Male,Volkswagen,Golf,2010,2G61S5S3XF9886526
434,Gretchen,Duffree,gduffreec1@xing.com,Female,Chrysler,300,2006,3FADP4AJ2DM617436
435,Morganne,Pikett,mpikettc2@umn.edu,Female,Audi,Allroad,2002,JM3ER2W36A0412649
436,Stefa,Tegeller,stegellerc3@weibo.com,Female,open,Town Car,1995,3VW8S7AT5FM862986
437,Granville,Gare,ggarec4@rambler.ru,Male,open,Eclipse,2004,WDDHF7GB1FB306936
438,Traver,Chellingworth,tchellingworthc5@cornell.edu,Male,Mazda,Millenia,1995,3C6TD5JT7CG557616
439,Sacha,Bouts,sboutsc6@51.la,Female,Volvo,C70,2010,1FMHK7B82CG615212
440,Ede,Glenfield,eglenfieldc7@telegraph.co.uk,Female,Pontiac,Solstice,2009,YV426MDB9F2722748
441,Alfy,Hambleton,ahambletonc8@msn.com,Non-binary,Chrysler,PT Cruiser,2007,3D73M4EL9AG640769
442,Rolfe,Sulland,rsullandc9@disqus.com,Male,Chevrolet,Blazer,2003,1GD312CG9BF107316
443,Chaunce,Soames,csoamesca@clickbank.net,Male,Volkswagen,Eurovan,1992,3C6JD7EP8CG790002
444,Tildi,Murray,tmurraycb@senate.gov,Female,Dodge,Viper,1998,JTMHY7AJ9D4603300
445,Alexina,Durrance,adurrancecc@webmd.com,Female,Kia,Sportage,2006,4A31K2DF4BE504028
446,Joelie,Legges,jleggescd@squarespace.com,Female,Audi,Quattro,1994,JN1AZ4EH6FM660662
447,Titus,Schimoni,tschimonice@twitpic.com,Male,open,CLS-Class,2006,WVGAV7AX1FW573047
448,Sari,Wallbutton,swallbuttoncf@shinystat.com,Female,Chrysler,Sebring,2008,JN1AZ4EH1BM501753
449,Noe,Barthod,nbarthodcg@cdbaby.com,Male,Ford,Bronco,1984,1FMCU9D76AK058223
450,Rutherford,Lakenton,rlakentonch@chicagotribune.com,Male,open,SL-Class,1991,SCFEBBBK2EG046570
451,Hedwig,Marvelley,hmarvelleyci@gravatar.com,Female,Mitsubishi,Montero,2005,1N6AF0KY8FN746288
452,Arie,Whysall,awhysallcj@bravesites.com,Male,Dodge,Caravan,2010,2C3CCARG5FH121254
453,Yorker,Hassell,yhassellck@elpais.com,Male,Nissan,GT-R,2009,JH4DC54836S774440
454,Laina,Chitter,lchittercl@last.fm,Genderfluid,Subaru,Forester,2002,1GYEC638X8R101100
455,Gearalt,Vido,gvidocm@java.com,Male,Isuzu,Space,1993,1GYUKBEF3AR228649
456,Klement,Litzmann,klitzmanncn@1und1.de,Male,BMW,M3,1998,WP0CB2A81FK702073
457,Emmalynne,Deighan,edeighanco@yelp.com,Female,Scion,tC,2008,3C3CFFFH5CT591062
458,Nowell,Sprigin,nsprigincp@rakuten.co.jp,Male,Dodge,Charger,2008,WAULD54B34N889974
459,Audi,Alcorn,aalcorncq@latimes.com,Female,Lincoln,Continental Mark VII,1987,4T3BK3BB3FU213841
460,Dacy,Pedley,dpedleycr@constantcontact.com,Female,Volkswagen,Touareg 2,2009,1GYS3JEF3CR570877
461,Delmore,Blaxter,dblaxtercs@dailymotion.com,Male,Mitsubishi,RVR,1994,WAUBH78E77A992360
462,Casar,Lamplough,clamploughct@aboutads.info,Male,GMC,2500,1996,1GYS4KEF6CR672502
463,Hetty,Hanmer,hhanmercu@msn.com,Female,Porsche,Boxster,2005,1GKKRNED6CJ914439
464,Alonzo,Skaife d'Ingerthorpe,askaifedingerthorpecv@xinhuanet.com,Male,Toyota,Sequoia,2002,1NXBU4EE5AZ216411
465,Avrom,Coaten,acoatencw@indiegogo.com,Male,Mitsubishi,Mighty Max Macro,1992,JN8AZ2KR4AT264795
466,Arthur,Ketteridge,aketteridgecx@live.com,Male,Suzuki,Reno,2005,WA1DGBFP7DA309651
467,Guinna,Rosenfield,grosenfieldcy@biglobe.ne.jp,Polygender,Chevrolet,Tahoe,2006,WA1YD54B84N061468
468,Alexis,Parradice,aparradicecz@topsy.com,Female,Mitsubishi,Montero,2000,1N6AD0CU4BC285971
469,Matthus,Dentith,mdentithd0@google.co.jp,Male,Subaru,Legacy,2006,5N1AA0NC7FN572209
470,Claudian,Stannislawski,cstannislawskid1@pinterest.com,Male,open,M5,1993,ML32A3HJ7EH386237
471,Alastair,Pele,apeled2@blogger.com,Male,Land Rover,Discovery,2000,2G4GS5EVXD9074091
472,Woodman,Bohlens,wbohlensd3@privacy.gov.au,Male,Chevrolet,Camaro,1982,KNDJT2A21D7394404
473,Livia,Bwye,lbwyed4@europa.eu,Female,Kia,Sportage,2010,19UUA9F72CA262268
474,Julie,Maymond,jmaymondd5@craigslist.org,Non-binary,GMC,Savana 3500,2000,WAUSF98E27A790219
475,Conrado,Bartholomew,cbartholomewd6@buzzfeed.com,Male,Volkswagen,Tiguan,2012,3LNHL2GC9BR610323
476,Shaylynn,Thornebarrow,sthornebarrowd7@furl.net,Female,GMC,Envoy,2007,5BZAF0AA8EN251157
477,Verge,Plumbridge,vplumbridged8@illinois.edu,Male,Subaru,BRZ,2013,5N1AT2MK0FC840074
478,Patrice,Henderson,phendersond9@loc.gov,Female,GMC,3500 Club Coupe,1995,WA1CKBFP1AA066800
479,Junie,Massy,jmassyda@mac.com,Female,Ford,Escort,1997,5UXFB53595L922831
480,Lyda,Jarley,ljarleydb@constantcontact.com,Female,open,Avalanche 2500,2005,KMHCM3AC8BU607511
481,Robin,Kimmitt,rkimmittdc@imgur.com,Non-binary,Chevrolet,Prizm,2000,1FTMF1EW8AK270390
482,Joane,Wolfe,jwolfedd@ameblo.jp,Female,Ferrari,F430,2007,JM1GJ1T5XF1280358
483,Mathilde,Wakerley,mwakerleyde@hibu.com,Female,Pontiac,G6,2009,WAUGL78E58A341279
484,Fanya,Harrema,fharremadf@theguardian.com,Genderfluid,Pontiac,Tempest,1965,1G6AE1RX3F0560926
485,Gordon,Rosenblath,grosenblathdg@timesonline.co.uk,Male,Mercedes-Benz,SL-Class,1988,SAJWJ2GD6F8546390
486,Derek,Raith,draithdh@myspace.com,Male,Pontiac,Grand Prix,1995,SCFEBBBC2AG739626
487,Claiborne,Wisbey,cwisbeydi@a8.net,Male,Mercedes-Benz,SL-Class,1993,WBAWV53517P636599
488,Revkah,Tonsley,rtonsleydj@ox.ac.uk,Female,Toyota,Celica,1982,1G6DM57T560629980
489,Arvie,Coughlan,acoughlandk@unc.edu,Male,Mitsubishi,Galant,1987,KMHTC6AD4EU945893
490,Regine,Pretious,rpretiousdl@yellowbook.com,Female,Chevrolet,Silverado 3500,2010,WBAAX134X5P951936
491,Wallis,Celier,wcelierdm@trellian.com,Male,open,Skylark,1989,WVGAV7AX1CW413567
492,Lyn,Vaughan-Hughes,lvaughanhughesdn@unesco.org,Male,Infiniti,I,2000,WBABW33446P882231
493,Maggee,Athridge,mathridgedo@cornell.edu,Female,Mazda,MX-5,1999,WBANW5C51AC193023
494,Lauren,Thonason,lthonasondp@webs.com,Male,GMC,3500,1994,1ZVBP8JS3A5196522
495,Riobard,Lefeuvre,rlefeuvredq@g.co,Male,Tesla,Roadster,2010,2HNYD18855H669059
496,Lion,Bunten,lbuntendr@pagesperso-orange.fr,Male,Toyota,Camry,1994,WVWED7AJ6BW151886
497,Marcie,Bembridge,mbembridgeds@issuu.com,Female,Mitsubishi,Endeavor,2010,JTHFN2EYXA9845410
498,Bertrand,Mackro,bmackrodt@unc.edu,Male,Land Rover,Range Rover,2010,WBAEV53413K367871
499,Ernie,Daenen,edaenendu@usda.gov,Male,Cadillac,STS,2007,JN1AZ4EH4FM185030
500,Curcio,Grayley,cgrayleydv@bluehost.com,Genderfluid,open,Skylark,1986,5FRYD4H89FB352074
501,Bianka,Milella,bmilelladw@topsy.com,Female,Hyundai,Sonata,2012,WA1YD54B43N612428
502,Eda,Ollivierre,eollivierredx@netlog.com,Female,Ford,Focus,2005,WAUWFAFH6AN328214
503,Kristos,Blonden,kblondendy@kickstarter.com,Male,Infiniti,M,2012,1G6KD57Y27U581285
504,Yorke,Colby,ycolbydz@symantec.com,Male,Ford,EXP,1985,5TDDK3DC3ES451882
505,Herb,Manford,hmanforde0@stumbleupon.com,Male,Chevrolet,1500,1999,SAJWA2EK2EM913387
506,Cissy,Krollmann,ckrollmanne1@amazon.co.jp,Female,Ford,Mustang,1964,WBAEV33472P716778
507,Dita,Stigers,dstigerse2@addthis.com,Female,Audi,A4,2008,3D4PG3FG0BT198278
508,Phyllida,Larman,plarmane3@washington.edu,Female,open,Entourage,2007,1B3CB8HB4BD408056
509,Aldwin,Kembrey,akembreye4@jalbum.net,Male,Pontiac,Montana,2005,NM0KS6BN5AT038528
510,Albert,Whitley,awhitleye5@networksolutions.com,Male,Ford,F150,1995,3VW4T7ATXEM490832
511,Murdoch,Crackett,mcrackette6@4shared.com,Male,Lexus,GS,2002,1FMEU2DE9AU744260
512,Julie,Scarce,jscarcee7@uol.com.br,Female,Mercury,Sable,1992,WA1CFAFP1BA240932
513,Charlene,Dangerfield,cdangerfielde8@whitehouse.gov,Female,Honda,S2000,2008,1G6KD57938U564540
514,Kala,Rogliero,kroglieroe9@ehow.com,Female,Toyota,Tundra,2007,JH4DC23121S165142
515,Kristy,Rayne,krayneea@wiley.com,Agender,Dodge,Viper,1994,1G6DA1E35D0526110
516,Adeline,Rapson,arapsoneb@webnode.com,Female,Mazda,B-Series,1986,1GTG5AEA2F1358856
517,Janaye,McLaggan,jmclagganec@cnet.com,Female,GMC,Savana 1500,2007,2G61V5S81F9215118
518,Joaquin,Warland,jwarlanded@tumblr.com,Male,Chrysler,PT Cruiser,2003,WBAKA4C56CC048218
519,Flynn,Brotherhead,fbrotherheadee@blog.com,Male,Ford,Escort,1997,5N1AA0ND3EN980472
520,Decca,Croote,dcrooteef@bandcamp.com,Male,Subaru,Alcyone SVX,1994,1G6YV36A775342826
521,Zenia,Dominique,zdominiqueeg@exblog.jp,Female,Volkswagen,Touareg,2006,WA1VMAFE9CD614099
522,Dori,Pembry,dpembryeh@aol.com,Female,Mercedes-Benz,C-Class,1994,JN1AZ4EH2DM797871
523,Perceval,Pellew,ppellewei@dion.ne.jp,Male,Chrysler,Town & Country,1996,2T1KU4EE0DC659913
524,Bernadene,Stampfer,bstampferej@about.me,Bigender,BMW,7 Series,1992,WBADT53491C346324
525,Stacy,Railton,srailtonek@weibo.com,Male,open,Sonata,2000,1C3BC8EG3BN866693
526,Shane,Barrett,sbarrettel@earthlink.net,Male,Plymouth,Colt,1992,3C3CFFER5CT849798
527,Miran,Cardero,mcarderoem@arstechnica.com,Female,Dodge,Dakota,1996,JTDZN3EU2FJ108645
528,Sheff,Bartoletti,sbartolettien@cdc.gov,Male,Ford,Escort,1988,WBSWD9C51AP031589
529,Bondy,Joe,bjoeeo@yolasite.com,Male,open,Frontier,2002,WAUAT48H25K048380
530,Rowe,Jahan,rjahanep@pbs.org,Female,Subaru,Forester,2000,3VW8S7ATXFM842863
531,Robena,Pole,rpoleeq@yale.edu,Female,BMW,1 Series,2011,WAUNF78P58A924046
532,Corey,Emberson,cembersoner@t.co,Female,Ford,Explorer Sport,2001,JTDJTUD32DD632651
533,Bibby,Kaplin,bkaplines@livejournal.com,Female,open,Continental Super,2011,WAUNG94F89N037069
534,Raffaello,Crufts,rcruftset@scribd.com,Male,Pontiac,Bonneville,2000,JH4CL96867C926660
535,Helena,Rissen,hrisseneu@stanford.edu,Female,Acura,TL,2001,1C4RDHEG0FC950124
536,Lianne,MacDonnell,lmacdonnellev@utexas.edu,Female,open,Eclipse,1992,2HNYD18715H311125
537,Rustie,Boaler,rboalerew@histats.com,Male,Dodge,Caravan,2005,3GYFNCE3XES541633
538,Genia,Bucher,gbucherex@altervista.org,Female,Austin,Mini,1963,3C3CFFARXCT488848
539,Melli,Edlington,medlingtoney@home.pl,Female,open,Corvette,1984,SCBGT3ZA6DC747998
540,Meryl,Rosenhaupt,mrosenhauptez@psu.edu,Female,Mitsubishi,Excel,1987,WAURFAFR4CA586022
541,Benetta,Jauncey,bjaunceyf0@technorati.com,Non-binary,GMC,Savana 1500,1999,1G6KE54Y42U599751
542,Donia,Le Conte,dlecontef1@ca.gov,Female,Chevrolet,Cobalt SS,2009,WAUBF78EX8A083133
543,Eran,Bramsen,ebramsenf2@archive.org,Female,Buick,Skylark,1985,19UUA9F79DA100171
544,Remy,Lavelle,rlavellef3@youku.com,Female,Ford,Escort,1999,4USDU534X7L135068
545,Shamus,Jesper,sjesperf4@prnewswire.com,Agender,Nissan,Maxima,1995,2G4WS52JX11799925
546,Loria,Parslow,lparslowf5@dion.ne.jp,Female,Mercury,Mountaineer,2003,KMHTC6AD5CU382723
547,Pauli,Donald,pdonaldf6@sfgate.com,Female,MINI,Cooper,2012,WAU3FAFRXCA849443
548,Levin,O'Drought,lodroughtf7@artisteer.com,Male,Dodge,Omni,1978,1VWAS7A36FC867021
549,Cherilynn,Turone,cturonef8@theatlantic.com,Female,Audi,Quattro,1994,WA1YD64B72N008358
550,Alene,Cathenod,acathenodf9@shop-pro.jp,Female,Toyota,Prius c,2012,JTHBP5C24B5830922
551,Ruby,Antoszczyk,rantoszczykfa@behance.net,Male,Mercedes-Benz,GLK-Class,2011,WDDGF4HBXEA981648
552,Ashley,Airdrie,aairdriefb@yahoo.co.jp,Male,Mercury,Mystique,1995,5GADV33L06D968368
553,Leticia,Yantsurev,lyantsurevfc@devhub.com,Female,Toyota,Celica,1996,WA1CMBFP5EA874874
554,Boone,Lillow,blillowfd@livejournal.com,Male,Ford,Escort,1987,1G6DM1E36C0527286
555,Carmelina,Petit,cpetitfe@spotify.com,Female,open,Silverado 1500,2004,KNADM4A31D6361484
556,Estell,Killwick,ekillwickff@wikipedia.org,Female,Lexus,ES,1993,2T1BURHE2EC831837
557,Josias,Le Pine,jlepinefg@51.la,Male,Porsche,911,1989,WBA3V9C55F5439844
558,Durant,McKelvey,dmckelveyfh@weather.com,Male,Volkswagen,New Beetle,2004,1G4PS5SK8F4848743
559,Ebony,Delgadillo,edelgadillofi@pbs.org,Female,Mazda,CX-9,2010,WBAFU9C53CC014744
560,Ulrick,Redhouse,uredhousefj@diigo.com,Male,Buick,Enclave,2008,JTDKN3DU8A0829828
561,Tracy,Kinsman,tkinsmanfk@pcworld.com,Female,Hyundai,Tucson,2008,SCFEFBBC6AG700249
562,Lance,McGinly,lmcginlyfl@dagondesign.com,Male,Honda,Odyssey,2007,1N6AA0CC8CN522547
563,Dedra,Wardrope,dwardropefm@pinterest.com,Female,Volkswagen,Jetta III,1995,WAUVT54B93N449994
564,Kessiah,Cutress,kcutressfn@kickstarter.com,Female,Kia,Soul,2012,YV1672MW3B2123695
565,Montgomery,Yallowley,myallowleyfo@gov.uk,Male,Ford,F150,2006,1GD120EG2BF125209
566,Birgitta,Malzard,bmalzardfp@ebay.com,Female,Hyundai,Genesis Coupe,2010,WDDLJ9BB3FA860660
567,Ingeborg,Normanville,inormanvillefq@google.cn,Female,open,Allroad,2004,WAUAF78E86A349550
568,Emili,Bates,ebatesfr@opensource.org,Female,Hyundai,Elantra,2012,1FMJK1H58DE714593
569,Kippy,Spadeck,kspadeckfs@naver.com,Male,Dodge,Stratus,1997,WAUSH94F87N963811
570,Angelle,Cuseck,acuseckft@howstuffworks.com,Female,Volkswagen,Eurovan,2000,2G4GY5GV5B9051195
571,Kliment,Lempenny,klempennyfu@privacy.gov.au,Male,GMC,Vandura 1500,1994,1G6AE5S3XE0016369
572,Stanwood,Kroch,skrochfv@google.cn,Male,Pontiac,LeMans,1968,1FMJK1H53CE916062
573,Berny,Warburton,bwarburtonfw@epa.gov,Male,Ford,Mustang,2006,WAUJC68E02A769168
574,Natala,Lumly,nlumlyfx@europa.eu,Bigender,Ford,Explorer,2011,WAUMFAFL6DA438347
575,Kenna,Greest,kgreestfy@prlog.org,Female,Mazda,B-Series,1994,WAUJFAFH6AN946577
576,Hall,Algar,halgarfz@geocities.com,Male,open,NSX,2000,1HGCP2E8XAA697211
577,Abeu,Sprigings,asprigingsg0@amazon.co.uk,Male,Lexus,IS F,2011,5UXFF035X9L733814
578,Rivalee,Vasiliu,rvasiliug1@geocities.jp,Agender,open,Roadmaster,1992,1C3CDZBG5DN039535
579,Jed,Lodford,jlodfordg2@phoca.cz,Male,open,Civic,1991,5J8TB18209A000916
580,Gennie,Lidgely,glidgelyg3@answers.com,Female,GMC,Yukon,2000,WA1CM94L29D990515
581,Barney,Copestake,bcopestakeg4@auda.org.au,Bigender,open,NSX,2000,5J6TF3H37CL482233
582,Brant,Lecky,bleckyg5@washingtonpost.com,Male,GMC,Yukon XL 2500,2008,1FTKR1AD4BP996920
583,Deonne,Youll,dyoullg6@discovery.com,Female,Ford,Bronco,1985,JTHDU5EF9C5247507
584,Spenser,Hullyer,shullyerg7@hugedomains.com,Male,Buick,Century,2004,WBSBL93425P170127
585,Wren,Sprionghall,wsprionghallg8@about.me,Female,Chevrolet,Equinox,2005,1C3CDZCB2EN464098
586,Craggie,Edgett,cedgettg9@nhs.uk,Male,Chevrolet,1500,1994,WAULD64B02N321491
587,Sharai,Kemet,skemetga@symantec.com,Female,Mitsubishi,Endeavor,2011,1G6AL5S30D0383446
588,Magdalena,Perkins,mperkinsgb@examiner.com,Female,Infiniti,G35,2008,WBA3F9C56EF072765
589,Cornelia,Tyres,ctyresgc@cargocollective.com,Female,GMC,Savana 1500,2012,1GD021EG9FZ115329
590,Eugen,Downgate,edowngategd@webeden.co.uk,Male,open,V8 Vantage S,2012,JH4CU2F85EC865688
591,Chester,Lantuffe,clantuffege@harvard.edu,Male,Ford,F350,2001,JTEBU5JR0A5346203
592,Renee,Dreamer,rdreamergf@mapy.cz,Female,Mitsubishi,GTO,1998,1G6DH5EY9B0803532
593,Zebulon,Pie,zpiegg@springer.com,Male,Ford,Explorer,2011,5GAKRAED4BJ692858
594,Kandy,Jaggers,kjaggersgh@youku.com,Female,Chrysler,Concorde,2004,WBAPM5G56BN543034
595,Wilhelmine,Cluitt,wcluittgi@shutterfly.com,Female,Chevrolet,Suburban 1500,1999,WA1VFAFL4EA431626
596,Evelin,Exton,eextongj@nationalgeographic.com,Male,Acura,TL,2009,WBAEN33494E996010
597,Viola,Di Napoli,vdinapoligk@dmoz.org,Genderqueer,Volvo,C70,2011,5N1AT2ML7EC823201
598,Virginia,Anton,vantongl@cbsnews.com,Female,open,RL,1999,19UUA86299A367459
599,Avery,Tresise,atresisegm@walmart.com,Polygender,open,Ram 3500 Club,1997,JN1CV6EK8BM755150
600,Cassie,Kynvin,ckynvingn@techcrunch.com,Female,Mitsubishi,Eclipse,1996,JA32U2FU3EU293779
601,Benny,Maides,bmaidesgo@vinaora.com,Female,Hyundai,Elantra,1994,JTHBW1GG9D2118346
602,Keane,Bortolini,kbortolinigp@odnoklassniki.ru,Male,Kia,Carens,2009,WAUFFAFLXAN648107
603,Esra,Keir,ekeirgq@ed.gov,Male,Toyota,Prius,2010,1G6KD57Y27U252876
604,Ilysa,Lashbrook,ilashbrookgr@huffingtonpost.com,Female,BMW,6 Series,2010,5N1AR2MM3DC749362
605,Eugenio,Poe,epoegs@linkedin.com,Male,Infiniti,G25,2012,JM1GJ1T69E1547481
606,Lind,Kort,lkortgt@yale.edu,Male,Dodge,Ram Van B250,1993,3VW467AT4DM086866
607,Vi,Guislin,vguislingu@theguardian.com,Female,Porsche,Cayenne,2003,5GAKVCED1CJ007000
608,Colan,Diegan,cdiegangv@google.com.au,Male,MINI,Cooper,2012,2G4GT5GX1E9656206
609,Tori,Redwing,tredwinggw@storify.com,Female,open,Freelander,2002,3VW4A7AT5DM302531
610,Alexandr,Joiner,ajoinergx@tinypic.com,Male,Bentley,Azure,2009,WBAFB33461L894748
611,Teddi,Bannester,tbannestergy@flavors.me,Female,Ford,Taurus,2006,JH4DC53045S116720
612,Bobbie,Brann,bbranngz@blogs.com,Male,Volkswagen,Golf,1985,JN8AF5MR1BT172598
613,Riordan,Riby,rribyh0@yahoo.com,Male,open,SLK-Class,2011,1C3BCBFGXEN458675
614,Leia,Sunners,lsunnersh1@army.mil,Female,Jaguar,S-Type,2004,JHMFA3F24AS503293
615,Nichole,Karpov,nkarpovh2@house.gov,Female,Nissan,Frontier,2008,SALWR2VF0FA365461
616,Dmitri,Brenstuhl,dbrenstuhlh3@earthlink.net,Male,Mazda,MPV,2002,1FTEW1C88FF135788
617,Baldwin,Pellington,bpellingtonh4@mayoclinic.com,Male,open,Aerostar,1992,WAUCFAFH5DN323903
618,Georgena,Lomasny,glomasnyh5@about.me,Female,Chevrolet,Camaro,1982,WBA1F7C53FV080566
619,Buckie,Pactat,bpactath6@cdbaby.com,Male,Ford,Bronco II,1984,WAUHF98P36A553846
620,Nikolaos,Spooner,nspoonerh7@tinyurl.com,Agender,GMC,Savana Cargo Van,2006,WBAVM5C55FV906233
621,Cleveland,Loudon,cloudonh8@newsvine.com,Male,open,Touareg,2011,2FMDK4AC9AB829170
622,Mallory,Huyghe,mhuygheh9@jalbum.net,Female,BMW,7 Series,1993,WAUNF98P77A275568
623,Ottilie,Findlow,ofindlowha@jalbum.net,Non-binary,Lotus,Exige,2004,KNADH5A37B6862869
624,Lucia,Buchanan,lbuchananhb@mysql.com,Female,Nissan,Maxima,2002,1N6AF0KXXFN888231
625,Rab,Guitel,rguitelhc@networksolutions.com,Male,Saab,9-5,1999,3FAHP0JA6AR436462
626,Abrahan,Clampe,aclampehd@hhs.gov,Male,Ford,Flex,2011,KMHEC4A41DA847661
627,Luise,Madner,lmadnerhe@phoca.cz,Female,Porsche,Cayman,2006,1FTEX1C88AF620373
628,Thor,Kerins,tkerinshf@uol.com.br,Agender,Volkswagen,GTI,2004,1N6AF0LXXEN233709
629,Joann,Hardaker,jhardakerhg@sciencedirect.com,Female,BMW,X3,2005,5J8TB4H56EL265530
630,Alonso,Codner,acodnerhh@usgs.gov,Male,Hyundai,Tiburon,2008,WBA3C3G56EN503210
631,Pembroke,Blanc,pblanchi@imgur.com,Male,Mercedes-Benz,W126,1981,1G6AH5RX3D0341119
632,Patrice,Londing,plondinghj@netvibes.com,Female,Volkswagen,Jetta,1991,SCFFDAAE3AG449567
633,Valentino,Paddle,vpaddlehk@desdev.cn,Male,Nissan,Cube,2012,WAUEF98E98A226999
634,Heloise,Mortlock,hmortlockhl@china.com.cn,Genderqueer,BMW,3 Series,1993,2T1KU4EE0BC598480
635,Jeannie,Tewnion,jtewnionhm@godaddy.com,Female,Mitsubishi,Precis,1992,WAUKF68E15A456176
636,Arlen,Babidge,ababidgehn@fotki.com,Male,open,Enclave,2010,5J6TF2H5XFL876406
637,Brita,De la Eglise,bdelaegliseho@google.nl,Female,Chevrolet,Suburban 1500,2001,JH4DC23981S619612
638,Wrennie,Tutt,wtutthp@ucsd.edu,Polygender,Chevrolet,Silverado 1500,2010,WAUBNAFB0BN171827
639,Boniface,Fenning,bfenninghq@twitter.com,Male,Chevrolet,Express,2008,SAJWA6FCXE8739303
640,Errol,Paynes,epayneshr@arizona.edu,Male,open,Mustang,1971,JA4AS3AW0DU717848
641,Flemming,Mapp,fmapphs@wordpress.com,Male,Ford,F350,1995,5TDBCRFH3FS112590
642,Duff,Lambillion,dlambillionht@uol.com.br,Male,Saab,9-5,2001,2C3CCASG5FH876950
643,Dav,Perocci,dperoccihu@ibm.com,Male,Mazda,929,1990,JTDKTUD32ED414201
644,Earvin,Boyles,eboyleshv@moonfruit.com,Male,Lotus,Esprit,1985,YV4902BZ6B1700095
645,Matti,Sprakes,msprakeshw@nhs.uk,Female,Maserati,Gran Sport,2005,JTJBARBZ2F2208476
646,Kendra,Stanislaw,kstanislawhx@guardian.co.uk,Female,Bentley,Continental,2005,WBADT33401G990131
647,Issi,Maughan,imaughanhy@php.net,Female,MINI,Cooper Clubman,2012,5N1AA0NC0FN121896
648,Angil,Vanlint,avanlinthz@amazonaws.com,Genderqueer,Chrysler,LHS,2000,WVWAA7AJ5BW877844
649,Hayes,Malshinger,hmalshingeri0@tumblr.com,Male,Saturn,S-Series,1992,1FTFW1E82AF292971
650,Cristiano,Rohlf,crohlfi1@vimeo.com,Male,Acura,ZDX,2012,5UMDU935X7L851549
651,Angelia,Grimsditch,agrimsditchi2@wikipedia.org,Agender,Rolls-Royce,Phantom,2011,19XFA1E84AE277125
652,Lenka,Euplate,leuplatei3@topsy.com,Female,Ford,Taurus,1998,3VWKP7AJ0DM111006
653,Valentia,Schirach,vschirachi4@geocities.com,Female,Chrysler,300M,1999,YV4952CT4D1255919
654,Nananne,Brayn,nbrayni5@pen.io,Agender,open,Jimmy,1995,WBABD33425P066591
655,Cassy,Finker,cfinkeri6@state.tx.us,Female,Volkswagen,Scirocco,1988,2LMDJ6JK3BB998728
656,Rolph,Cumming,rcummingi7@senate.gov,Male,Ford,Probe,1992,JH4CU2F88DC985628
657,Amitie,Matuskiewicz,amatuskiewiczi8@rambler.ru,Female,GMC,Sonoma Club,1992,ML32A3HJ4EH433126
658,Fredrika,Occleshaw,foccleshawi9@reverbnation.com,Agender,open,900,1990,WAUGL68E55A520296
659,Shawnee,Flay,sflayia@fda.gov,Female,Chrysler,Prowler,2001,1FTSX2A52AE583764
660,Anne-marie,Cato,acatoib@ft.com,Female,Kia,Spectra,2001,1C3BC4EB6AN900766
661,Stefano,Flaune,sflauneic@washington.edu,Male,Chevrolet,Sportvan G30,1992,1G6DV1EP0D0591857
662,Nichole,Banbrick,nbanbrickid@furl.net,Genderqueer,Volvo,XC60,2010,3N1CE2CP8EL296319
663,Kevina,Pinnere,kpinnereie@elegantthemes.com,Female,Maserati,Spyder,2003,SCBCR73W89C235448
664,Ethel,Stoeck,estoeckif@freewebs.com,Female,Ford,Aspire,1995,WA1CFAFP6EA622474
665,Garrett,Benian,gbenianig@skype.com,Male,open,Savana 3500,1997,1C3CCBBB3CN538010
666,Jeremie,Dinnage,jdinnageih@pbs.org,Male,Chevrolet,Suburban 2500,2009,2G61V5S37D9404051
667,Simonette,Furzer,sfurzerii@creativecommons.org,Female,open,Aspen,2008,1G6DV57VX90140980
668,Allyn,Siegertsz,asiegertszij@squarespace.com,Female,Buick,Special,1962,1FTMF1CW0AK146634
669,Liliane,Marrison,lmarrisonik@ycombinator.com,Female,Chrysler,PT Cruiser,2006,WAUWKAFR2AA503585
670,Jessi,Anthill,janthillil@sourceforge.net,Female,open,QX56,2008,5N1AA0ND6EN266934
671,Garek,Gosnold,ggosnoldim@prlog.org,Male,Ford,Tempo,1985,5NPDH4AE8DH604738
672,Berny,Khrishtafovich,bkhrishtafovichin@nhs.uk,Male,Hyundai,Excel,1994,5NPEB4AC0EH639392
673,Alley,Hards,ahardsio@loc.gov,Male,Toyota,Corolla,1996,3G5DB03E33S082619
674,Web,Stonman,wstonmanip@statcounter.com,Male,Hummer,H2,2009,3D73M3HL1AG667227
675,Alli,Martinovsky,amartinovskyiq@ted.com,Female,Pontiac,Bonneville,2001,WAUSF98E26A874605
676,Anselma,Lexa,alexair@bravesites.com,Female,Ferrari,California,2010,WBXPA93466W077110
677,Edan,Horick,ehorickis@scribd.com,Male,Mercedes-Benz,S-Class,2001,JH4CU2E83DC557886
678,Sanders,Gorger,sgorgerit@lycos.com,Agender,Acura,NSX,1994,WAUDV94F89N185322
679,Gwendolen,Oldam,goldamiu@microsoft.com,Female,Mercedes-Benz,SL65 AMG,2006,WBAFR7C50CC832034
680,Lynnette,Spandley,lspandleyiv@dedecms.com,Female,Jaguar,XJ Series,1992,1GYEK63N63R664307
681,Scotti,Masdin,smasdiniw@fc2.com,Male,Nissan,350Z,2005,WBAEK734X5B618622
682,Pablo,Forward,pforwardix@ameblo.jp,Male,Jaguar,XJ Series,2005,WUATNAFG3BN353172
683,Douglas,McNickle,dmcnickleiy@house.gov,Male,Chevrolet,Cavalier,1992,2T1BURHE5FC078967
684,Rosemaria,Simko,rsimkoiz@livejournal.com,Female,Ford,Probe,1992,1G6DS1E32C0405644
685,Lemmy,Markey,lmarkeyj0@cbsnews.com,Male,Toyota,Camry,1994,55SWF4JB3FU741509
686,Ricca,Drillot,rdrillotj1@ameblo.jp,Female,Suzuki,Aerio,2005,YV126MFC6F2906323
687,Madelle,Lassey,mlasseyj2@networkadvertising.org,Female,Cadillac,Escalade,2004,5TDBK3EH6CS822791
688,Lannie,Lauritzen,llauritzenj3@jugem.jp,Bigender,open,Suburban 1500,2006,WDDGF4HBXCA608008
689,Lazaro,Cheavin,lcheavinj4@berkeley.edu,Male,Cadillac,Escalade,2006,5TFAW5F1XEX896385
690,Keriann,Dellenbrok,kdellenbrokj5@google.ru,Female,Buick,Regal,1985,WBALM5C52BE049046
691,Javier,Melbourn,jmelbournj6@liveinternet.ru,Male,Chrysler,PT Cruiser,2002,WBANN73547C525852
692,Almeda,Troyes,atroyesj7@theglobeandmail.com,Female,Ford,Mustang,2010,1C3CDZAB7CN000708
693,Eliot,McRinn,emcrinnj8@linkedin.com,Male,Mazda,CX-9,2009,WBAPK7C53BA900734
694,Karl,MacPeice,kmacpeicej9@si.edu,Male,Mercedes-Benz,SL-Class,1993,WBAKB83519C988715
695,Alexandr,Lillgard,alillgardja@house.gov,Male,Hyundai,Santa Fe,2009,WAUEH98E56A078874
696,Rey,Balharry,rbalharryjb@blinklist.com,Male,Geo,Metro,1995,1N4AB7AP1EN443261
697,Verla,Godain,vgodainjc@gov.uk,Female,Acura,TSX,2006,SCBZB25E92C280457
698,Franciska,Putley,fputleyjd@blogger.com,Female,Kia,Sportage,1996,WAUHF78P28A545938
699,Eli,Trayford,etrayfordje@columbia.edu,Male,Jaguar,XJ Series,1995,WBAUP73579V949765
700,Jorry,Shoulder,jshoulderjf@businessinsider.com,Female,Mercury,Marquis,1985,3VW1K7AJ5DM779510
701,Amandie,Benedicte,abenedictejg@networkadvertising.org,Female,Mitsubishi,Pajero,2006,2T1BPRHE4EC686291
702,Urbano,Embury,uemburyjh@comsenz.com,Male,Pontiac,Firebird,1968,1D4PT6GX8AW562452
703,Kelsy,Matisse,kmatisseji@tripadvisor.com,Female,BMW,M Roadster,2006,KMHGH4JF8BU959879
704,Garry,Kolczynski,gkolczynskijj@wikia.com,Male,Nissan,Sentra,1999,2T2BK1BA4FC262385
705,Winfield,Grief,wgriefjk@cargocollective.com,Male,Land Rover,Discovery,2001,19VDE1F30FE621385
706,Orion,Flement,oflementjl@cnn.com,Male,Mazda,Mazda2,2011,YV140MAM5F1605316
707,Forster,McAlees,fmcaleesjm@so-net.ne.jp,Male,Pontiac,Firefly,1992,W04G15GV5B1761737
708,Maire,Aronin,maroninjn@ameblo.jp,Female,Audi,A6,2008,WBAKA8C5XAC460727
709,Niki,Farnaby,nfarnabyjo@addtoany.com,Female,Nissan,Murano,2010,JN1CV6AP6AM466008
710,Margalo,De Ferraris,mdeferrarisjp@apache.org,Female,Volkswagen,Eos,2008,WBANE53537C688481
711,Hendrik,Lowth,hlowthjq@opensource.org,Male,Lincoln,Town Car,1986,5NPDH4AE2DH985485
712,Kristan,Longthorn,klongthornjr@symantec.com,Female,Ford,Escape,2008,1GYS3JKJXFR250520
713,Derward,Cheeke,dcheekejs@slideshare.net,Male,Ford,Econoline E150,1993,WAUBFAFL5CA349472
714,Demeter,Greally,dgreallyjt@dailymail.co.uk,Female,open,CL-Class,2009,WBA3R1C5XEK260740
715,Faustina,Haslin,fhaslinju@google.ru,Female,open,Murcilago,2009,WAUPEBFM5CA867864
716,Romeo,Glyde,rglydejv@icio.us,Male,Mitsubishi,Montero,2002,5UXKR2C57E0855026
717,Kippie,Hail,khailjw@si.edu,Male,Volvo,S40,2003,WBAVB77538N678652
718,Morlee,Godthaab,mgodthaabjx@weebly.com,Male,Mercury,Tracer,1997,5N1AA0NC2CN531109
719,Cecelia,Cuffley,ccuffleyjy@taobao.com,Female,Infiniti,G,1993,2T1BURHE2EC256896
720,Emile,Zaniolo,ezaniolojz@bloglovin.com,Male,Audi,S4,2000,WBABN334X3J184627
721,Nicoline,Shimoni,nshimonik0@adobe.com,Female,Cadillac,DeVille,1992,WAUEF98E96A811496
722,Petronella,Demangeot,pdemangeotk1@ycombinator.com,Female,Subaru,Impreza,2004,2HNYD28388H382510
723,Franz,Lashley,flashleyk2@usnews.com,Male,Volvo,S60,2002,5N1AT2ML0FC747094
724,Quint,Luther,qlutherk3@bloglines.com,Male,Ford,Thunderbird,1993,WBAPH7C5XAA046354
725,Kelcy,Blanchard,kblanchardk4@nih.gov,Female,Cadillac,CTS,2011,WAU4FAFR4BA794412
726,Nike,Folkard,nfolkardk5@typepad.com,Female,Ford,F-Series Super Duty,2010,1G6DP577670932424
727,Cristian,Folkes,cfolkesk6@drupal.org,Male,Toyota,Corolla,1997,WAUBVAFB8AN577434
728,Tawnya,Moorhouse,tmoorhousek7@slideshare.net,Female,Dodge,Dynasty,1993,JM1DE1KY7D0165111
729,Cash,Udey,cudeyk8@unicef.org,Male,Mercury,Grand Marquis,1997,1N6AD0CU4AC016111
730,Stormie,Slany,sslanyk9@eventbrite.com,Female,Chevrolet,HHR,2008,3D73M4CL6AG017421
731,Felipa,Bowne,fbowneka@tinypic.com,Genderqueer,Subaru,XT,1986,5UXFG43568L029449
732,Annabelle,Mibourne,amibournekb@meetup.com,Female,Subaru,Forester,2006,JM1NC2SF9F0900446
733,Dot,Jeannin,djeanninkc@cbslocal.com,Female,Oldsmobile,Intrigue,2001,WUAUUAFG6CN503218
734,Esmeralda,Wethered,ewetheredkd@vkontakte.ru,Female,GMC,Savana 3500,2012,1N6BF0KX7FN380903
735,Angeli,Greeves,agreeveske@earthlink.net,Male,Ford,LTD,1985,1G6DV1EP0C0587063
736,Tulley,Baxendale,tbaxendalekf@gizmodo.com,Male,Volvo,C70,2011,SAJWA1CB2CL708264
737,Selby,Holton,sholtonkg@ted.com,Male,Toyota,Venza,2013,JTDJTUD38ED273209
738,Madlin,Baude,mbaudekh@opera.com,Agender,Pontiac,G3,2009,WBAXA5C51ED181316
739,Pieter,McGuane,pmcguaneki@chronoengine.com,Male,Rolls-Royce,Ghost,2011,5UXKS4C51F0495897
740,Dannel,Spataro,dspatarokj@cargocollective.com,Male,Ford,Windstar,2000,3G5DA03L17S683955
741,Morena,Gusticke,mgustickekk@weebly.com,Female,Mitsubishi,Outlander,2010,WBS3C9C55FP914804
742,Lazar,Franzonello,lfranzonellokl@utexas.edu,Male,Chevrolet,Tracker,1999,1N4AL2AP8AN339604
743,Dorry,Cooney,dcooneykm@home.pl,Female,open,Silverado 2500,2008,WBABW33415P461503
744,Ellswerth,Crab,ecrabkn@slideshare.net,Male,Toyota,Camry,2004,WVGEF9BP6DD021402
745,Boyd,Mulles,bmullesko@utexas.edu,Male,Ford,Aerostar,1996,5UMDU93597L099245
746,Zachary,Houtby,zhoutbykp@youtube.com,Polygender,BMW,5 Series,1992,2FMDK3KC6AB359401
747,Reece,Spridgeon,rspridgeonkq@constantcontact.com,Male,Mazda,MPV,2002,1FA6P0G75E5414643
748,Allie,Guilloux,aguillouxkr@soundcloud.com,Male,Lexus,GS,2011,4USFE83577L678703
749,Roland,Damsell,rdamsellks@washington.edu,Male,open,Miata MX-5,2012,2C3CA2CV5AH817088
750,Guillermo,Widdall,gwiddallkt@columbia.edu,Male,Pontiac,Sunfire,1995,1FBNE3BL1CD836821
751,Estelle,Kindall,ekindallku@nifty.com,Female,Ford,Country,1967,5N1AT2MK2FC243346
752,Lemuel,Feaster,lfeasterkv@walmart.com,Male,Mercury,Cougar,1967,1D4PU7GX7AW521314
753,Kile,Mallan,kmallankw@unesco.org,Male,Ford,Fusion,2009,1N6AF0LY0EN427108
754,Mayor,Bawcock,mbawcockkx@prnewswire.com,Male,Cadillac,CTS-V,2009,2T1BPRHE6EC736639
755,Kain,Mc Carrick,kmccarrickky@51.la,Male,open,9000,1994,JA4AS2AW7CU187273
756,Viviyan,Rove,vrovekz@hhs.gov,Female,open,Jetta,1986,5GAKRBED4CJ201910
757,Gilberta,Daskiewicz,gdaskiewiczl0@biglobe.ne.jp,Female,Mazda,626,1998,YV1960AS9A1306884
758,Hakim,Pendry,hpendryl1@kickstarter.com,Male,Buick,Regal,2004,KMHHU6KJ8FU378886
759,Merline,Bossons,mbossonsl2@blogs.com,Female,Chevrolet,Express 2500,1999,WBA3K5C52EF115969
760,Bernardine,Rubrow,brubrowl3@scientificamerican.com,Female,Chevrolet,Avalanche,2007,WBABN33413P553131
761,Alvin,Ryce,arycel4@ed.gov,Male,Volkswagen,Eurovan,1995,1GYS3GEF1BR216891
762,Jordain,Tunno,jtunnol5@nydailynews.com,Female,Lincoln,Town Car,1986,3G5DA03E15S086285
763,Edan,Bes,ebesl6@ihg.com,Male,Volvo,S40,2004,1G6DS57V280982882
764,Kari,Screach,kscreachl7@buzzfeed.com,Genderqueer,Saab,9-7X,2008,KNDMG4C71E6630398
765,Giuseppe,Malletratt,gmalletrattl8@flavors.me,Male,Honda,Civic,1988,1G6AF5SX7D0401452
766,Deloria,Menear,dmenearl9@barnesandnoble.com,Female,BMW,M5,2007,WBALW7C51CC903219
767,Hazel,Bowart,hbowartla@china.com.cn,Female,open,Intrepid,1993,3D7TT2CT3BG565921
768,Granthem,Dumbrill,gdumbrilllb@archive.org,Male,Dodge,Ram,2009,1G6DE8EG3A0234662
769,Wakefield,Jager,wjagerlc@ucoz.ru,Male,Lexus,HS,2011,1GTCSBD95A8751626
770,Lemmie,Clotworthy,lclotworthyld@friendfeed.com,Male,GMC,Savana 1500,1997,WAUDGBFL7CA241835
771,Kelbee,Brissenden,kbrissendenle@tripadvisor.com,Male,Cadillac,DTS,2008,1FTWW3DY0AE907231
772,Dall,Whorlow,dwhorlowlf@sohu.com,Male,open,Silverado 3500,2002,WP0AB2A84CS786814
773,Sheena,Brende,sbrendelg@spotify.com,Agender,Chevrolet,Suburban 1500,1995,WAUEFAFLXFN595394
774,Sawyere,Hardwell,shardwelllh@bluehost.com,Male,BMW,5 Series,2005,JM1CR2W32A0011597
775,Codi,Van Weedenburg,cvanweedenburgli@patch.com,Female,MINI,Cooper,2011,JTDJTUD31DD710367
776,Diena,Armatys,darmatyslj@google.pl,Female,Suzuki,Equator,2012,1GYS3BEF2ER912117
777,Adelind,McVeigh,amcveighlk@mashable.com,Female,Saab,9-7X,2009,JN8BS1MW2DM221450
778,Pepita,Winsiowiecki,pwinsiowieckill@barnesandnoble.com,Female,Plymouth,Breeze,2000,SCBLF34F32C603332
779,Joseito,Wrightam,jwrightamlm@elpais.com,Male,Mercedes-Benz,CLK-Class,2005,2G4WF551X31428265
780,Marnie,McConway,mmcconwayln@cocolog-nifty.com,Female,Toyota,Previa,1992,WAUD2AFD4DN733489
781,Alejandrina,Kingsford,akingsfordlo@sourceforge.net,Female,Subaru,Outback,2012,1ZVBP8AM0E5781937
782,Arlene,Duran,aduranlp@ifeng.com,Bigender,Dodge,Charger,2009,WVWAB7AJ0DW874687
783,Burty,Muehler,bmuehlerlq@princeton.edu,Male,Aston Martin,DBS,2009,WAULH54B51N968188
784,Selestina,Whinney,swhinneylr@hud.gov,Female,Mercedes-Benz,SL-Class,2009,1FBNE3BL3ED038338
785,Emilia,Bass,ebassls@ifeng.com,Female,Land Rover,Range Rover Sport,2011,JM3TB2BA4D0759823
786,Randell,Crosswaite,rcrosswaitelt@ow.ly,Male,BMW,3 Series,1994,WAUAFAFL0BN223751
787,Sophi,Noto,snotolu@mit.edu,Female,open,xD,2012,JTHSE5BC3F5970272
788,Charlie,Alben,calbenlv@bbc.co.uk,Male,Audi,riolet,1996,2G61N5S33F9264230
789,Flint,Gillhespy,fgillhespylw@yellowpages.com,Male,Acura,ZDX,2012,WBA3D5C51EF338305
790,Liesa,Charrette,lcharrettelx@youku.com,Genderfluid,Land Rover,Freelander,2004,WAULC58E94A968872
791,Susann,Exrol,sexrolly@unicef.org,Female,Mercedes-Benz,SL-Class,1997,3C3CFFBR0DT335007
792,Moise,Udy,mudylz@devhub.com,Polygender,Ford,Contour,1999,JHMGE8G3XDC605516
793,Laurel,Leach,lleachm0@prweb.com,Female,Mazda,CX-7,2008,JTHKD5BH0D2540731
794,Joby,Caswell,jcaswellm1@domainmarket.com,Female,Ford,Five Hundred,2007,JH4KB16627C174406
795,Yehudit,Rosenstock,yrosenstockm2@forbes.com,Male,Saab,9-5,2008,SCBZK25E12C760184
796,Melisandra,Kisbey,mkisbeym3@360.cn,Genderfluid,Acura,RSX,2002,WAUJC68E35A479432
797,Giusto,Osbourn,gosbournm4@ehow.com,Male,GMC,Yukon XL 2500,2002,2HNYD18421H666157
798,Farley,Muscott,fmuscottm5@shutterfly.com,Male,open,Commander,2006,KNDJT2A20D7572304
799,Ermanno,Grewcock,egrewcockm6@redcross.org,Male,Land Rover,Range Rover,1989,1G4HP52K744018371
800,Baillie,Spalton,bspaltonm7@princeton.edu,Bigender,Shelby,GT350,1969,5TDBKRFH0FS040685
801,Joshuah,Rait,jraitm8@timesonline.co.uk,Male,Volkswagen,Rabbit,2009,3FA6P0D95DR642885
802,Klarrisa,Mitchel,kmitchelm9@ehow.com,Female,Nissan,Altima,2011,2T1BURHE7EC009289
803,Curry,Helversen,chelversenma@engadget.com,Agender,Chevrolet,LUV,1979,1GYEE53A490859026
804,Pietro,Blackaller,pblackallermb@bbc.co.uk,Male,Nissan,Pathfinder,2009,SAJWJ0FF1F8267601
805,Pammie,Pheasant,ppheasantmc@guardian.co.uk,Female,Dodge,Dakota Club,2007,5UXFB33552L634577
806,Kelli,Andreichik,kandreichikmd@posterous.com,Female,Kia,Sedona,2011,1GYUCEEJ1AR320815
807,Stephani,Rennles,srennlesme@facebook.com,Female,Lincoln,Navigator,2001,WBABV13435J271504
808,Raff,Klimkowski,rklimkowskimf@ebay.com,Male,Infiniti,G,2004,JN1CV6FE3CM456613
809,Julie,Everist,jeveristmg@cnbc.com,Male,Nissan,GT-R,2009,2B3CM5CT8BH237730
810,Britte,Gudgion,bgudgionmh@vk.com,Female,open,Continental Flying Spur,2009,WBAYB6C52FD300743
811,Addie,Seabourne,aseabournemi@google.com.au,Female,Land Rover,Discovery,1994,2C3CA9CT7AH762165
812,Steward,Greeson,sgreesonmj@reddit.com,Male,Mazda,CX-9,2012,5GAKRCKD4FJ064658
813,Eldridge,Mowson,emowsonmk@artisteer.com,Male,GMC,Yukon XL,2006,3VWPG3AG4AM237030
814,Wyatan,Culshaw,wculshawml@huffingtonpost.com,Male,Oldsmobile,Alero,2003,JN8AF5MR5FT760204
815,Saidee,Negri,snegrimm@pbs.org,Female,open,Axiom,2002,KMHFG4JG7FA115962
816,Christye,MacConnal,cmacconnalmn@seesaa.net,Female,Ford,Thunderbird,2005,1G6AL5S30D0233613
817,Ivette,Newe,inewemo@google.com.au,Female,Scion,tC,2006,5GAKVDED8CJ397535
818,Clemente,Rowth,crowthmp@accuweather.com,Male,GMC,Jimmy,2000,WP0AA2A98BS854543
819,Glyn,Dall,gdallmq@unc.edu,Genderfluid,Mercury,Grand Marquis,2000,4JGBF2FE7CA794141
820,Lind,Draco,ldracomr@youtube.com,Male,Jeep,Wrangler,2004,WBSKG9C57DE938739
821,Magda,Walkden,mwalkdenms@live.com,Female,Dodge,D250 Club,1992,WBAAV33451F775833
822,Buddy,Scardifield,bscardifieldmt@scribd.com,Male,Volkswagen,Eurovan,2000,NM0KS6BN8AT362279
823,Zachary,De Laci,zdelacimu@indiatimes.com,Male,Mitsubishi,Lancer,2004,WAUDG98E45A149673
824,Giacobo,Robberts,grobbertsmv@gov.uk,Male,open,E150,2010,1FTEW1C80FF842805
825,Kirbie,Edgin,kedginmw@blinklist.com,Female,Toyota,Supra,1992,JTDKDTB32F1783640
826,Dalenna,Gallichiccio,dgallichicciomx@illinois.edu,Female,Geo,Metro,1997,1NXBE4EE1AZ811527
827,Danica,Mullinger,dmullingermy@ucoz.ru,Female,BMW,X5 M,2010,2G61S5S36E9902266
828,Norri,Mapplethorpe,nmapplethorpemz@com.com,Female,Subaru,Legacy,1991,YV4902BZ2B1717086
829,Winnah,Doxsey,wdoxseyn0@cafepress.com,Female,Mercedes-Benz,C-Class,2004,SAJWA4HA7EM859096
830,Annabel,Baudinot,abaudinotn1@plala.or.jp,Female,Jeep,Grand Cherokee,2010,2C3CCAAG2FH127587
831,Shaw,Drewery,sdreweryn2@forbes.com,Agender,Holden,Monaro,2004,2FMGK5BC6BB865594
832,Henka,Caroll,hcarolln3@linkedin.com,Female,Jeep,Wrangler,2005,WBA3A9C56CF820944
833,Kareem,Pecht,kpechtn4@uiuc.edu,Polygender,open,Forenza,2008,WUADUAFG4EN538942
834,Haven,Bolingbroke,hbolingbroken5@princeton.edu,Male,Volkswagen,Eurovan,2002,WBA3C1C52FK905061
835,Kacey,Sargant,ksargantn6@yellowpages.com,Female,Pontiac,Bonneville,1985,SCFEDCAD4BG587506
836,Steffie,Brame,sbramen7@trellian.com,Female,Jeep,Liberty,2008,JTDKN3DUXF0376271
837,Frazer,Feares,ffearesn8@bigcartel.com,Male,open,600,1957,JH4NA21673T171881
838,Kaine,Di Biasi,kdibiasin9@huffingtonpost.com,Male,Toyota,Corolla,2004,WUADUAFG9F7288782
839,Aldon,Couthard,acouthardna@tmall.com,Male,Alfa Romeo,Spider,1992,ML32A3HJ0EH622680
840,Dita,Fettis,dfettisnb@blogs.com,Polygender,Oldsmobile,Achieva,1997,3N1AB7AP6FY486379
841,Finn,Camolli,fcamollinc@independent.co.uk,Male,open,S8,2009,3N1AB6APXCL622435
842,Charlot,Leader,cleadernd@mapquest.com,Female,Mitsubishi,Starion,1987,1N6AD0CU7EN810109
843,Harrison,Gamage,hgamagene@cnbc.com,Male,Mitsubishi,Truck,1985,1G4GE5G3XFF523783
844,Nelie,Oliphard,noliphardnf@house.gov,Agender,Audi,A4,2007,3C4PDCBB7FT274486
845,Janine,Garfit,jgarfitng@mtv.com,Female,Ford,F350,2003,WAUMF78P56A038561
846,Olenka,Darell,odarellnh@springer.com,Female,Subaru,Impreza,1994,3C4PDCBB7CT789158
847,Archibald,Brommage,abrommageni@google.ru,Male,open,960,1995,3N1CN7AP6EL123687
848,Elsa,Kiddy,ekiddynj@bizjournals.com,Female,Lexus,GS,2008,5N1BA0NC3FN348245
849,Jeramey,Dunthorn,jdunthornnk@hubpages.com,Male,Volvo,S60,2001,SAJWA4EC4DM022309
850,Thoma,Lilburn,tlilburnnl@census.gov,Male,BMW,5 Series,2001,1N4AL2AP1CC334243
851,Chilton,Haggar,chaggarnm@networkadvertising.org,Male,Mitsubishi,Eclipse,1999,1GYFC53299R030967
852,Corabella,Eastgate,ceastgatenn@cloudflare.com,Female,Ford,Windstar,1995,1D7RW5GK4BS822243
853,Boyd,Simco,bsimcono@studiopress.com,Non-binary,Mercury,Cougar,1967,3GTU1YEJ6DG526391
854,Nariko,Hurton,nhurtonnp@cbc.ca,Female,Volvo,S60,2010,5TFCY5F17CX670837
855,Beckie,Found,bfoundnq@fda.gov,Female,Ford,F150,2007,1G4GF5G34DF965856
856,Simona,Fuzzard,sfuzzardnr@nytimes.com,Female,Maserati,GranTurismo,2008,5TDBKRFHXFS479554
857,Coop,Seeley,cseeleyns@economist.com,Male,Maybach,57,2011,WBA5A7C53FD178888
858,Winifield,Abele,wabelent@posterous.com,Agender,Chevrolet,Camaro,1985,5TFAW5F12EX218052
859,Lennard,Allmann,lallmannnu@census.gov,Male,Mercury,Grand Marquis,2008,3C3CFFBR1ET874236
860,Jeffy,Nannoni,jnannoninv@ucoz.com,Male,Hyundai,Tiburon,1997,WAUBH64B51N769031
861,Shurwood,Goskar,sgoskarnw@mozilla.com,Male,open,Ram 3500,1996,1FTKR1AD4AP275625
862,Faunie,Cobbin,fcobbinnx@t-online.de,Female,Mitsubishi,Mighty Max,1993,1HGCR2E70DA018763
863,Tricia,Hatliffe,thatliffeny@foxnews.com,Female,GMC,Yukon,2008,5UXWX7C55BL225536
864,Luigi,Bilbrooke,lbilbrookenz@google.com,Male,Volvo,S60,2007,JN1AZ4EH7BM105813
865,Heida,Janowicz,hjanowiczo0@utexas.edu,Female,Jeep,Compass,2009,JH4CU2F8XEC934570
866,Tatum,Strainge,tstraingeo1@state.gov,Female,Chevrolet,Malibu,2006,JN8CS1MU0DM679474
867,Lori,Nethercott,lnethercotto2@alexa.com,Female,Cadillac,SRX,2011,1FAHP3FN4AW799921
868,Willy,Windas,wwindaso3@spotify.com,Female,Mercedes-Benz,G-Class,2003,5N1AR1NBXAC128431
869,Millard,Ludye,mludyeo4@prweb.com,Male,Oldsmobile,Bravada,1993,1NXBU4EE3AZ419765
870,Grove,Stefanovic,gstefanovico5@gravatar.com,Bigender,Mercury,Cougar,2001,WAURD68D42A201173
871,Upton,Franscioni,ufranscionio6@cmu.edu,Male,BMW,6 Series,2009,1G4GG5E3XCF738184
872,Merrill,Dolbey,mdolbeyo7@cyberchimps.com,Male,Mazda,626,2000,1FMCU0E74AK423072
873,Magnum,Snoxill,msnoxillo8@multiply.com,Male,Mercedes-Benz,M-Class,2011,JN8AZ2KR5AT398876
874,Matthus,Brecknell,mbrecknello9@techcrunch.com,Male,Lexus,IS-F,2011,1G6DE5EY9B0915000
875,Eberto,Stogill,estogilloa@wikipedia.org,Male,Suzuki,Verona,2004,1FTSW2B55AE606133
876,Matilda,Trengove,mtrengoveob@freewebs.com,Female,Lotus,Esprit Turbo,1984,3D7TP2CT6AG727804
877,Mair,Thorn,mthornoc@google.fr,Female,Mercedes-Benz,SL-Class,1995,2HKRM3H34EH030527
878,Janot,Perillio,jperilliood@sbwire.com,Female,Ford,Escape,2010,WA1EY74L87D886013
879,Killy,Grummitt,kgrummittoe@opera.com,Male,Toyota,Highlander Hybrid,2007,WAUEKBFB1BN046959
880,Tannie,Pomfret,tpomfretof@about.me,Male,Mercedes-Benz,CL-Class,2012,1C3CDFDH3FD256370
881,Raina,Atlay,ratlayog@opensource.org,Female,open,Roadmaster,1992,WBAEJ134X3A195477
882,Maddie,Brunesco,mbrunescooh@patch.com,Genderqueer,Pontiac,Firebird,2002,VNKKTUD38FA906001
883,Elfie,Dunthorn,edunthornoi@arstechnica.com,Female,Mercury,Marquis,1984,2LMHJ5AR5AB340867
884,Kenn,Parlour,kparlouroj@senate.gov,Male,Mitsubishi,Truck,1987,WBAUL7C55CV686789
885,Morissa,De Gregorio,mdegregoriook@webnode.com,Female,Ford,Flex,2012,3VW467AT9CM564973
886,Janot,Foort,jfoortol@hugedomains.com,Female,Plymouth,Voyager,2000,JN8AZ1MU3DW059967
887,Amii,Pegrum,apegrumom@economist.com,Female,Dodge,Stealth,1994,SCFEBBAC9AG436263
888,Barnabas,Swadling,bswadlingon@reference.com,Male,Chevrolet,Corsica,1993,1G6AB5SA6E0001925
889,Maddy,Taylour,mtaylouroo@ucla.edu,Female,Mazda,B-Series Plus,1998,VNKKTUD33FA866474
890,Thaddeus,Middiff,tmiddiffop@adobe.com,Male,Geo,Metro,1994,YV1672MK7D2557098
891,Natale,Ablott,nablottoq@yale.edu,Male,Pontiac,Grand Am,2001,KMHCM3AC6AU983462
892,Quintilla,Wemyss,qwemyssor@taobao.com,Female,Volkswagen,CC,2010,WBAFZ9C50DC393981
893,Collette,Broscombe,cbroscombeos@last.fm,Female,GMC,Savana 3500,2006,WAUDGAFL0AA734599
894,Cordy,Baynam,cbaynamot@yahoo.com,Female,Ford,Thunderbird,1988,3FA6P0D9XDR788697
895,Matias,Halbord,mhalbordou@yellowpages.com,Male,Mitsubishi,3000GT,1999,YV1622FS7C2956801
896,Wilmer,Tropman,wtropmanov@wiley.com,Male,Toyota,Tercel,1996,WBAKG1C54DJ572820
897,Loy,Sentinella,lsentinellaow@go.com,Polygender,Acura,Integra,1996,WBAFR7C54CD913757
898,Davon,Priver,dpriverox@google.pl,Male,Toyota,Land Cruiser,1997,2D4RN4DE8AR198553
899,Nappy,Blei,nbleioy@npr.org,Male,open,Viper,2006,JHMZF1D63ES040108
900,Kermit,Gantz,kgantzoz@tripod.com,Male,BMW,1 Series,2008,1FMJK1F56AE046128
901,Albert,Wysome,awysomep0@wisc.edu,Male,Subaru,Legacy,1995,5TFBM5F12AX831728
902,Jacquelyn,Malletratt,jmalletrattp1@etsy.com,Female,Audi,100,1989,3D73M4EL6AG459869
903,Drona,Critchard,dcritchardp2@dagondesign.com,Female,Buick,Regal,1999,KM8NU4CC2BU828078
904,Annalise,Greg,agregp3@mapy.cz,Female,GMC,Canyon,2004,WAUJF78K79N126290
905,Lydie,Luchetti,lluchettip4@lycos.com,Female,Chevrolet,Sportvan G10,1993,3N1CN7AP5DL915912
906,Deanne,Tschersich,dtschersichp5@live.com,Female,Ford,Escape,2001,WAUKH78E86A111339
907,Curt,Dinsey,cdinseyp6@biblegateway.com,Male,Chevrolet,Traverse,2011,JN8AS1MU4BM165793
908,Haleigh,Heineken,hheinekenp7@paginegialle.it,Female,open,MX-5,1998,JH4DC54816S201312
909,Evan,Audley,eaudleyp8@wordpress.com,Male,Chevrolet,Prizm,2000,2G4GT5GR8C9264127
910,Flemming,Teas,fteasp9@alibaba.com,Male,Jaguar,XJ,2010,1G4GF5E31CF250759
911,Nita,McClarence,nmcclarencepa@paginegialle.it,Female,Mazda,CX-5,2013,SCBFU7ZA7FC471981
912,Toma,Jerrems,tjerremspb@a8.net,Genderqueer,GMC,3500,1997,5GAEV237X8J127583
913,Salvatore,Schirak,sschirakpc@washington.edu,Male,Volkswagen,Touareg,2003,3C63DRMLXCG130790
914,Sigfried,Tutchell,stutchellpd@princeton.edu,Male,Isuzu,Oasis,1998,WAU4FAFL5AA446662
915,Elfrieda,Harrington,eharringtonpe@cafepress.com,Female,Mercedes-Benz,S-Class,1990,19VDE2E54DE295158
916,Christine,Dungey,cdungeypf@1und1.de,Female,Kia,Sedona,2004,1C4RDHDG0CC940965
917,Linn,Marieton,lmarietonpg@twitter.com,Bigender,Acura,TL,2009,WAUAF98E56A783940
918,Laney,Bearblock,lbearblockph@vistaprint.com,Male,Lotus,Elan,1994,1G6KE54Y23U993007
919,Nady,Crank,ncrankpi@china.com.cn,Female,Bentley,Continental GT,2010,WA1CKBFP5AA098715
920,Hillie,Ducket,hducketpj@google.com.br,Male,Buick,Coachbuilder,1990,2C3CDYBT7CH032200
921,Daniela,Benzing,dbenzingpk@chronoengine.com,Agender,Lincoln,LS,2005,JH4DC53884S506899
922,Axe,Hulles,ahullespl@google.com.hk,Male,Alfa Romeo,Spider,1993,5N1CR2MN2EC400230
923,Candida,Longhorne,clonghornepm@tamu.edu,Female,open,LeSabre,1999,WBA6B4C53ED387689
924,Billie,Stigers,bstigerspn@yellowpages.com,Female,Mercedes-Benz,GL-Class,2012,WAUJC68EX5A408552
925,Nettle,Byford,nbyfordpo@sun.com,Female,Chevrolet,Cavalier,1995,WAUPN94EX8N090618
926,Alvin,Dregan,adreganpp@dyndns.org,Male,open,del Sol,1997,WAULC58E65A263237
927,Arnaldo,Curro,acurropq@hubpages.com,Male,Ford,Taurus,1989,SCBLC47J27C700561
928,Nicola,Riepl,nrieplpr@auda.org.au,Male,Audi,A8,2003,JHMZE2H36ES348883
929,Tamarra,Iddy,tiddyps@dailymotion.com,Female,open,Fit,2012,WBANA53514B758878
930,Nefen,Honsch,nhonschpt@guardian.co.uk,Male,Pontiac,Bonneville,2000,1FTSW2A57AE727358
931,Belvia,Gorrick,bgorrickpu@vimeo.com,Female,Honda,CR-X,1984,WAUWFAFH4AN063180
932,Conant,Rae,craepv@techcrunch.com,Male,Land Rover,Range Rover Sport,2012,3GYFK66N96G440243
933,Ken,Bodycote,kbodycotepw@cpanel.net,Male,Audi,S5,2009,WAUCFAFH3CN459168
934,Colline,Wormald,cwormaldpx@taobao.com,Female,Mercury,Topaz,1987,SCFFBCCD4BG631995
935,Phillipe,Raise,praisepy@prlog.org,Male,Mercury,Mystique,1998,5GAKVCED7CJ920103
936,Prisca,Tosh,ptoshpz@yale.edu,Female,Mitsubishi,Outlander Sport,2012,1C3CDFEBXFD763213
937,Ashely,Tilly,atillyq0@fotki.com,Female,BMW,X5,2008,KMHDB8AE1CU040875
938,Biddy,Persitt,bpersittq1@state.gov,Female,Lexus,LX,2010,1FTMF1E80AF484946
939,Hilly,Carruthers,hcarruthersq2@businesswire.com,Male,Ford,Taurus,1993,4T1BF1FK9DU388832
940,Jonell,Poulton,jpoultonq3@usnews.com,Female,Ford,Expedition,2005,3N1AB6AP7BL256206
941,Anselm,Trees,atreesq4@a8.net,Male,Geo,Metro,1995,1G6DU6EV8A0080990
942,Wash,Tribbeck,wtribbeckq5@skyrock.com,Male,open,M-Class,2009,1N6AD0CW1EN508929
943,Johnette,Haste,jhasteq6@blogs.com,Female,Chevrolet,Colorado,2009,YV126MFC9F1028439
944,Steffane,Barde,sbardeq7@hibu.com,Female,Toyota,Highlander,2008,1G4GA5GCXBF579521
945,Fanny,McNeigh,fmcneighq8@istockphoto.com,Genderfluid,Mazda,626,1991,2G4WB52K621214672
946,Diane-marie,Garnsey,dgarnseyq9@list-manage.com,Female,Kia,Spectra,2004,3VW467ATXDM425713
947,Sean,Jakab,sjakabqa@skyrock.com,Male,BMW,5 Series,2007,JTHBE1BLXD5050984
948,Robena,Milstead,rmilsteadqb@msu.edu,Female,open,911,1991,3VW1K7AJ4BM459432
949,Pennie,Jex,pjexqc@dion.ne.jp,Genderqueer,open,Avalanche 2500,2006,1G6DA67V090248901
950,Yehudi,Huthart,yhuthartqd@scribd.com,Male,BMW,M5,2008,137ZA90301E195463
951,Ginelle,Westwater,gwestwaterqe@soundcloud.com,Female,Chevrolet,1500,1995,WAUDH94F56N441211
952,Greggory,Rany,granyqf@flickr.com,Male,Lexus,LS,1990,WBABD53404P369511
953,Joy,Cogzell,jcogzellqg@posterous.com,Female,GMC,Sierra 1500,2010,WAUFFAFC4EN924433
954,Kristine,Bellay,kbellayqh@salon.com,Female,Mercedes-Benz,M-Class,2010,WA1VMAFE9FD470896
955,Fonzie,Tattersfield,ftattersfieldqi@amazon.com,Agender,Chrysler,Sebring,1996,WBAKE5C58BE952441
956,Jorge,Vassbender,jvassbenderqj@trellian.com,Polygender,Oldsmobile,Cutlass Cruiser,1993,WAULD54B94N271848
957,Kahlil,Emmanuel,kemmanuelqk@opensource.org,Male,Mitsubishi,Montero,2000,WAUAC68D31A422312
958,Rozalie,MacMeanma,rmacmeanmaql@phpbb.com,Non-binary,open,Express 2500,1996,1FTSX2B55AE516378
959,Amble,Lyness,alynessqm@list-manage.com,Male,Audi,4000s,1985,5GAKVBED4CJ437985
960,Luella,Weale,lwealeqn@mozilla.com,Female,Isuzu,Rodeo,1996,WAUNF98P36A196624
961,Hedvige,Beedell,hbeedellqo@moonfruit.com,Bigender,Maserati,Quattroporte,2009,WBSBL93422J390561
962,Yardley,Napolione,ynapolioneqp@army.mil,Male,Ford,F250,2001,5GAKVCKD8EJ237446
963,Benji,Edworthie,bedworthieqq@usda.gov,Male,Mercury,Sable,1986,1FADP5AU4FL023080
964,Virginia,Padfield,vpadfieldqr@ezinearticles.com,Female,Volvo,S60,2011,YV1672MK9C2850161
965,Sofia,Denyukhin,sdenyukhinqs@intel.com,Female,Dodge,Grand Caravan,2011,WBANV13559B348640
966,Reilly,Fessby,rfessbyqt@forbes.com,Male,Mercury,Villager,1998,WBACN53471L494106
967,Mirelle,Fishpond,mfishpondqu@timesonline.co.uk,Genderqueer,Hummer,H1,1997,1FMJK1G57CE845773
968,Melesa,Keates,mkeatesqv@bbc.co.uk,Female,open,CL,2002,WBAUN7C56DV023694
969,Bail,Stare,bstareqw@bizjournals.com,Male,Mercury,Marauder,2004,1GTN1UEH3FZ939639
970,Phedra,Wedderburn,pwedderburnqx@e-recht24.de,Female,Pontiac,Safari,1987,5J6TF1H51EL721056
971,Taite,Yarnall,tyarnallqy@simplemachines.org,Male,GMC,Rally Wagon 2500,1992,WAUFFAFC4DN222899
972,Evie,Denisevich,edenisevichqz@netvibes.com,Female,Cadillac,SRX,2009,5NPEB4AC7EH407355
973,Orazio,Riddiough,oriddioughr0@tiny.cc,Male,MINI,Clubman,2011,WAUGL98E46A178083
974,Ollie,Leachman,oleachmanr1@webeden.co.uk,Male,Mercury,Cougar,1991,WBA3R1C52FK028036
975,Dinny,McKissack,dmckissackr2@bigcartel.com,Genderfluid,Acura,MDX,2009,3GYT4MEFXBG222916
976,Darice,Carnelley,dcarnelleyr3@ox.ac.uk,Female,Maserati,430,1990,1C3CDZBG4DN059579
977,Ichabod,Olyfat,iolyfatr4@si.edu,Male,Audi,S4,1992,WAUGGBFC0DN394399
978,Stanleigh,Wilflinger,swilflingerr5@gnu.org,Non-binary,Chrysler,Town & Country,2003,WBA3B5C55FF155898
979,Darrel,Petren,dpetrenr6@psu.edu,Male,Mercedes-Benz,SLK-Class,2005,WBAVD135X6K794863
980,Cornela,McNeachtain,cmcneachtainr7@constantcontact.com,Female,BMW,M3,2008,KNADH4A37A6008652
981,Marwin,Birkin,mbirkinr8@nbcnews.com,Male,Cadillac,Catera,2001,5YMKT6C56F0135669
982,Slade,Tramel,stramelr9@merriam-webster.com,Male,open,Sportage,1997,1N4AL3AP5DC744373
983,Meryl,Martinet,mmartinetra@myspace.com,Male,Audi,5000CS Quattro,1986,JTHFE2C23E2222837
984,Colette,Lingfoot,clingfootrb@weebly.com,Female,Chevrolet,Cavalier,1998,SAJWJ1CD6F8977215
985,Moore,Ciccoloi,mciccoloirc@so-net.ne.jp,Male,Mercury,Grand Marquis,1985,SCFEFBBC8AG558289
986,Gaultiero,Lovewell,glovewellrd@icq.com,Male,Mercedes-Benz,CL-Class,2008,1G6AH1RX6F0632953
987,Beverlie,Brewitt,bbrewittre@dyndns.org,Female,open,Quest,2006,WBA3C3G58FN630414
988,Valentine,Guile,vguilerf@ca.gov,Male,open,Land Cruiser,1999,1GYS3DEF5ER050054
989,Kirby,Le Fevre,klefevrerg@java.com,Male,Chrysler,Town & Country,2002,3D73M3CL5BG757733
990,Gustavo,Grime,ggrimerh@t.co,Male,Ford,Windstar,2001,3N1CN7AP6FL616917
991,Spense,Gateley,sgateleyri@huffingtonpost.com,Male,open,TundraMax,2011,1G6KD57YX9U576449
992,Judon,Rooper,jrooperrj@baidu.com,Male,Ford,Econoline E150,1995,WAUGF78K19A144043
993,Bryant,Crummy,bcrummyrk@tmall.com,Male,Mercury,Cougar,1968,JN8AZ1MU7DW598849
994,Cornie,Jonczyk,cjonczykrl@businessweek.com,Male,Acura,RL,2003,2C4RDGBG6FR063004
995,Roselia,Artis,rartisrm@vistaprint.com,Female,Aptera,2e,2009,WBASN2C54AC144158
996,Gussy,Felgat,gfelgatrn@jimdo.com,Female,BMW,Z4,2003,WAUVT68E73A617553
997,Alasteir,Boggers,aboggersro@springer.com,Male,GMC,Sierra 2500,2010,KMHTC6AD8FU830179
998,Tristam,Suerz,tsuerzrp@last.fm,Male,Mercedes-Benz,M-Class,2000,WAUJC68E13A708509
999,Taite,Selby,tselbyrq@domainmarket.com,Male,Nissan,Quest,1998,3G5DA03L57S578545
1000,Marlin,Ropkes,mropkesrr@freewebs.com,Male,Chevrolet,Avalanche,2011,WBA3B1C51EK338133
